FIPS_code,State,County_Name,Total_Recipients,SCD_0_20_percent,SCD_30_40_percent,SCD_50_60_percent,SCD_70_90_percent,SCD_100_percent,Age_17_44,Age_45_64,Age_65_older,Male,Female
1001,Alabama,Autauga,"2,636",438,283,332,838,745,658,"1,182",795,"2,159",477
1003,Alabama,Baldwin,"6,329","1,549",819,845,"1,760","1,356","1,372","2,045","2,911","5,754",573
1005,Alabama,Barbour,604,104,51,90,198,161,99,234,271,528,76
1007,Alabama,Bibb,268,48,33,34,91,62,52,97,119,245,23
1009,Alabama,Blount,973,209,125,135,288,216,239,282,452,915,58
1011,Alabama,Bullock,198,37,23,26,55,57,40,71,87,171,27
1013,Alabama,Butler,453,77,46,56,139,135,86,171,196,399,54
1015,Alabama,Calhoun,"3,343",719,386,433,995,810,579,"1,169","1,595","2,918",425
1017,Alabama,Chambers,675,111,63,83,243,175,146,202,327,615,60
1019,Alabama,Cherokee,506,123,48,63,148,124,74,139,293,467,39
1021,Alabama,Chilton,835,162,95,110,245,223,185,281,369,759,76
1023,Alabama,Choctaw,250,45,26,34,78,67,56,78,116,217,33
1025,Alabama,Clarke,504,133,61,61,150,99,97,204,203,453,51
1027,Alabama,Clay,286,54,31,45,87,69,61,91,134,276,10
1029,Alabama,Cleburne,212,47,18,27,71,49,33,65,114,197,15
1031,Alabama,Coffee,"3,806",525,393,454,"1,162","1,272",909,"1,773","1,124","3,270",536
1033,Alabama,Colbert,"1,218",264,143,138,378,295,252,352,614,"1,133",85
1035,Alabama,Conecuh,338,66,20,42,126,84,65,122,151,300,38
1037,Alabama,Coosa,312,63,31,40,92,86,59,96,157,274,38
1039,Alabama,Covington,963,216,130,128,285,204,184,298,481,868,95
1041,Alabama,Crenshaw,307,57,38,49,86,77,60,111,136,276,31
1043,Alabama,Cullman,"1,527",306,215,195,453,358,434,468,625,"1,399",128
1045,Alabama,Dale,"2,772",481,315,362,840,774,559,"1,123","1,090","2,338",434
1047,Alabama,Dallas,833,166,88,110,248,221,135,326,372,699,134
1049,Alabama,DeKalb,904,202,125,128,251,198,218,256,430,832,72
1051,Alabama,Elmore,"3,385",582,392,433,"1,035",943,729,"1,467","1,189","2,865",520
1053,Alabama,Escambia,749,177,89,105,210,168,119,273,357,658,91
1055,Alabama,Etowah,"2,181",492,261,289,682,457,460,658,"1,063","2,019",162
1057,Alabama,Fayette,335,53,40,40,124,78,77,122,136,306,29
1059,Alabama,Franklin,358,54,50,46,108,100,85,110,163,330,28
1061,Alabama,Geneva,925,181,108,121,288,227,187,334,404,848,76
1063,Alabama,Greene,156,20,15,16,53,52,17,61,78,130,26
1065,Alabama,Hale,273,38,36,36,81,82,56,101,116,233,40
1067,Alabama,Henry,506,91,51,65,149,150,107,212,187,459,47
1069,Alabama,Houston,"3,305",572,338,389,"1,042",964,802,"1,286","1,217","2,903",402
1071,Alabama,Jackson,828,162,97,118,265,186,193,245,390,770,58
1073,Alabama,Jefferson,"10,478","2,076","1,288","1,419","3,133","2,562","2,250","3,754","4,474","8,975","1,502"
1075,Alabama,Lamar,237,36,31,37,73,60,45,72,120,224,13
1077,Alabama,Lauderdale,"1,859",415,235,224,521,464,433,536,890,"1,697",162
1079,Alabama,Lawrence,466,85,62,70,143,106,96,153,217,425,41
1081,Alabama,Lee,"5,054",655,429,533,"1,542","1,895","1,512","2,127","1,415","4,324",730
1083,Alabama,Limestone,"3,639",589,390,464,"1,076","1,120",917,"1,700","1,022","3,160",479
1085,Alabama,Lowndes,281,42,30,35,85,89,63,102,116,225,56
1087,Alabama,Macon,568,76,63,56,166,207,97,190,281,505,63
1089,Alabama,Madison,"15,914","2,688","1,872","2,098","4,552","4,704","4,074","7,346","4,494","13,478","2,435"
1091,Alabama,Marengo,434,70,42,47,156,119,84,162,188,373,61
1093,Alabama,Marion,464,73,60,70,156,105,113,161,190,432,32
1095,Alabama,Marshall,"1,840",363,249,250,554,424,433,615,792,"1,691",149
1097,Alabama,Mobile,"8,966","2,377","1,178","1,271","2,395","1,745","1,916","3,180","3,870","7,912","1,054"
1099,Alabama,Monroe,428,84,51,67,131,95,87,161,180,377,51
1101,Alabama,Montgomery,"8,123","1,346",890,971,"2,460","2,456","1,763","3,390","2,970","6,324","1,798"
1103,Alabama,Morgan,"2,289",490,316,334,674,475,621,767,901,"2,077",212
1105,Alabama,Perry,184,25,19,24,59,57,23,90,71,162,22
1107,Alabama,Pickens,383,50,33,40,137,123,74,156,153,336,47
1109,Alabama,Pike,768,146,77,104,247,194,168,284,316,671,97
1111,Alabama,Randolph,461,106,57,64,119,115,74,136,251,418,43
1113,Alabama,Russell,"3,920",351,247,323,"1,218","1,781","1,276","1,807",837,"3,084",836
1115,Alabama,St. Clair,"1,855",415,227,233,528,452,478,570,807,"1,674",181
1117,Alabama,Shelby,"3,755",865,445,489,"1,067",889,"1,007","1,371","1,377","3,291",464
1119,Alabama,Sumter,203,27,26,23,78,49,30,90,83,178,25
1121,Alabama,Talladega,"1,723",371,203,240,522,387,361,613,749,"1,511",212
1123,Alabama,Tallapoosa,"1,081",206,103,143,337,292,173,325,583,991,90
1125,Alabama,Tuscaloosa,"3,774",604,366,452,"1,259","1,093",984,"1,397","1,393","3,207",567
1127,Alabama,Walker,"1,154",237,135,171,362,249,244,366,544,"1,071",83
1129,Alabama,Washington,307,70,44,42,97,54,48,96,163,284,23
1131,Alabama,Wilcox,152,28,15,21,47,41,21,65,66,138,14
1133,Alabama,Winston,422,101,47,57,129,88,88,160,174,393,29
2013,Alaska,Aleutians East,,,,,,,,,,,
2016,Alaska,Aleutians West,25,11,,,,,10,,,,
2020,Alaska,Anchorage,"10,272","2,148","1,443","1,668","3,065","1,948","3,237","4,229","2,806","8,663","1,609"
2050,Alaska,Bethel,70,30,14,,13,,17,29,24,,
2060,Alaska,Bristol Bay,18,,,,,,,,10,,
2063,Alaska,Chugach,115,35,18,11,33,18,28,52,35,,
2066,Alaska,Copper River,77,34,,15,13,11,11,21,45,,
2068,Alaska,Denali,60,16,,11,14,,19,27,14,,
2070,Alaska,Dillingham,33,15,,,,,,,14,,
2090,Alaska,Fairbanks North Star,"4,165",733,597,644,"1,326",865,"1,603","1,765",797,"3,483",682
2100,Alaska,Haines,44,,,10,11,11,10,10,24,,
2105,Alaska,Hoonah-Angoon,34,13,,,12,,,,25,,
2110,Alaska,Juneau,526,155,97,60,142,72,160,210,156,476,50
2122,Alaska,Kenai Peninsula,"1,643",446,231,221,437,308,386,528,729,"1,464",179
2130,Alaska,Ketchikan Gateway,222,53,32,35,73,29,55,87,80,199,23
2150,Alaska,Kodiak Island,347,76,50,44,111,66,103,162,82,311,36
2158,Alaska,Kusilvak,34,18,,,,,,,17,,
2164,Alaska,Lake and Peninsula,,,,,,,,,,,
2170,Alaska,Matanuska-Susitna,"4,953",887,587,756,"1,588","1,135","1,720","2,048","1,185","4,271",682
2180,Alaska,Nome,60,20,,,14,12,17,17,26,,
2185,Alaska,North Slope,14,,,,,,,,,,
2188,Alaska,Northwest Arctic,26,14,,,,,,,11,,
2195,Alaska,Petersburg,58,18,12,,11,,17,16,25,,
2198,Alaska,Prince of Wales-Hyder,126,49,21,14,25,17,21,35,70,,
2220,Alaska,Sitka,130,28,27,19,39,17,31,48,51,116,14
2230,Alaska,Skagway,11,,,,,,,,,,
2240,Alaska,Southeast Fairbanks,321,58,49,57,105,52,96,136,89,287,34
2275,Alaska,Wrangell,39,10,,,,,10,10,19,,
2282,Alaska,Yakutat,13,,,,,,,,,,
2290,Alaska,Yukon-Koyukuk,58,16,12,,12,,13,18,27,,
4001,Arizona,Apache,929,202,102,125,293,207,204,230,495,823,106
4003,Arizona,Cochise,"7,996","1,614","1,099","1,146","2,258","1,879","1,592","3,136","3,268","6,768","1,228"
4005,Arizona,Coconino,"1,935",506,268,279,518,364,691,531,713,"1,697",237
4007,Arizona,Gila,"1,193",311,157,145,334,246,143,243,807,"1,110",83
4009,Arizona,Graham,470,121,60,73,121,95,117,134,219,432,38
4011,Arizona,Greenlee,115,30,13,23,32,17,32,28,55,,
4012,Arizona,La Paz,506,119,64,66,147,110,48,98,360,476,30
4013,Arizona,Maricopa,"69,974","16,513","9,193","9,492","20,450","14,326","24,412","21,228","24,334","61,703","8,265"
4015,Arizona,Mohave,"5,994","1,411",712,745,"1,772","1,354",942,"1,366","3,686","5,520",473
4017,Arizona,Navajo,"1,835",475,226,226,533,375,399,487,949,"1,651",184
4019,Arizona,Pima,"25,745","6,109","3,670","3,624","7,352","4,990","6,825","8,628","10,292","22,353","3,390"
4021,Arizona,Pinal,"10,403","2,410","1,382","1,390","3,115","2,106","3,062","2,914","4,427","9,228","1,175"
4023,Arizona,Santa Cruz,573,121,66,88,175,123,155,182,236,517,56
4025,Arizona,Yavapai,"7,275","1,884",939,913,"1,948","1,591","1,336","1,762","4,177","6,633",642
4027,Arizona,Yuma,"5,405","1,059",742,798,"1,635","1,171","1,750","1,741","1,914","4,891",514
5001,Arkansas,Arkansas,231,39,29,36,80,47,39,81,111,212,19
5003,Arkansas,Ashley,321,59,34,44,105,79,60,104,157,294,27
5005,Arkansas,Baxter,"1,240",233,143,170,357,337,218,370,652,"1,125",115
5007,Arkansas,Benton,"4,716",951,587,633,"1,482","1,063","1,618","1,454","1,644","4,224",492
5009,Arkansas,Boone,752,141,95,86,253,177,198,232,322,691,61
5011,Arkansas,Bradley,136,15,14,17,54,36,20,54,62,125,11
5013,Arkansas,Calhoun,81,,,21,26,15,19,34,28,68,13
5015,Arkansas,Carroll,515,111,53,80,155,116,87,146,282,476,39
5017,Arkansas,Chicot,179,27,13,24,65,50,28,65,86,161,18
5019,Arkansas,Clark,331,69,36,35,107,84,72,101,158,299,32
5021,Arkansas,Clay,258,58,39,30,76,55,42,75,141,246,12
5023,Arkansas,Cleburne,692,122,78,104,216,172,116,205,371,629,63
5025,Arkansas,Cleveland,128,21,14,16,50,27,23,45,60,113,15
5027,Arkansas,Columbia,291,51,34,44,91,71,63,86,142,254,37
5029,Arkansas,Conway,427,74,47,44,156,106,80,146,201,386,41
5031,Arkansas,Craighead,"1,503",296,175,231,449,352,455,448,600,"1,370",133
5033,Arkansas,Crawford,"1,381",251,129,193,478,330,326,480,575,"1,257",124
5035,Arkansas,Crittenden,727,140,92,99,212,184,155,290,282,628,99
5037,Arkansas,Cross,254,41,28,35,95,55,55,95,104,234,20
5039,Arkansas,Dallas,92,23,13,12,20,24,12,34,46,,
5041,Arkansas,Desha,176,22,23,26,65,40,28,63,85,157,19
5043,Arkansas,Drew,294,48,34,35,94,83,65,99,130,263,31
5045,Arkansas,Faulkner,"2,492",451,308,338,780,615,721,899,872,"2,222",270
5047,Arkansas,Franklin,382,64,33,54,128,103,91,123,168,360,22
5049,Arkansas,Fulton,410,104,49,49,122,86,80,120,210,383,27
5051,Arkansas,Garland,"2,126",448,262,290,640,486,407,698,"1,021","1,917",209
5053,Arkansas,Grant,383,69,38,47,144,85,125,129,129,338,45
5055,Arkansas,Greene,809,131,103,115,282,178,184,247,378,771,38
5057,Arkansas,Hempstead,230,55,25,32,74,44,36,79,115,205,25
5059,Arkansas,Hot Spring,619,88,82,88,215,146,132,220,267,572,47
5061,Arkansas,Howard,172,33,30,25,47,37,36,60,76,156,16
5063,Arkansas,Independence,626,111,82,77,206,150,137,192,297,578,48
5065,Arkansas,Izard,364,71,37,51,103,102,78,114,172,340,24
5067,Arkansas,Jackson,206,46,15,33,67,45,42,60,104,195,11
5069,Arkansas,Jefferson,"1,435",251,140,168,480,396,236,543,656,"1,267",168
5071,Arkansas,Johnson,501,96,73,64,153,115,117,171,213,464,37
5073,Arkansas,Lafayette,104,24,13,17,24,26,20,26,58,,
5075,Arkansas,Lawrence,246,44,38,33,77,54,60,76,110,228,18
5077,Arkansas,Lee,87,18,,,28,21,10,31,46,,
5079,Arkansas,Lincoln,167,36,28,23,52,28,33,55,79,151,16
5081,Arkansas,Little River,215,42,22,29,68,54,54,59,102,195,20
5083,Arkansas,Logan,467,81,45,64,167,110,99,155,213,436,31
5085,Arkansas,Lonoke,"3,250",489,361,452,"1,127",821,901,"1,456",893,"2,831",419
5087,Arkansas,Madison,330,59,36,41,108,86,85,94,151,309,21
5089,Arkansas,Marion,492,103,51,66,145,127,86,135,271,455,37
5091,Arkansas,Miller,727,158,80,101,214,174,168,239,320,657,70
5093,Arkansas,Mississippi,548,133,60,80,166,109,98,182,268,501,47
5095,Arkansas,Monroe,124,16,12,26,46,24,17,35,72,114,10
5097,Arkansas,Montgomery,223,45,17,32,71,58,32,59,132,207,16
5099,Arkansas,Nevada,162,32,12,22,58,38,35,70,57,147,15
5101,Arkansas,Newton,139,23,14,23,47,32,22,46,71,120,19
5103,Arkansas,Ouachita,473,82,48,59,143,141,93,162,218,433,40
5105,Arkansas,Perry,226,31,30,30,78,57,36,85,105,208,18
5107,Arkansas,Phillips,221,41,35,26,58,61,37,80,104,196,25
5109,Arkansas,Pike,158,25,24,24,42,43,31,51,76,145,13
5111,Arkansas,Poinsett,330,84,38,32,98,78,77,99,154,309,21
5113,Arkansas,Polk,519,112,68,62,176,101,116,146,257,477,42
5115,Arkansas,Pope,"1,164",233,147,176,355,253,302,366,496,"1,053",111
5117,Arkansas,Prairie,137,26,11,18,47,35,24,38,75,,
5119,Arkansas,Pulaski,"10,181","1,863","1,215","1,287","3,298","2,518","2,306","3,921","3,954","8,541","1,639"
5121,Arkansas,Randolph,420,79,55,65,125,96,82,129,209,387,33
5123,Arkansas,St. Francis,364,68,51,45,108,92,49,128,187,338,26
5125,Arkansas,Saline,"2,773",488,347,372,858,708,714,"1,025","1,034","2,415",357
5127,Arkansas,Scott,192,34,26,25,58,49,35,66,91,175,17
5129,Arkansas,Searcy,203,33,28,24,75,43,36,67,100,182,21
5131,Arkansas,Sebastian,"2,474",466,297,345,796,570,637,834,"1,003","2,231",243
5133,Arkansas,Sevier,187,41,26,26,60,34,40,54,93,173,14
5135,Arkansas,Sharp,564,113,57,62,190,142,92,179,293,509,55
5137,Arkansas,Stone,316,45,32,41,123,75,41,108,167,279,37
5139,Arkansas,Union,609,113,72,88,173,163,130,185,294,550,59
5141,Arkansas,Van Buren,462,75,66,64,141,116,76,144,242,417,45
5143,Arkansas,Washington,"3,511",708,382,473,"1,067",881,"1,178","1,129","1,204","3,121",390
5145,Arkansas,White,"1,793",312,222,228,599,432,422,653,718,"1,613",180
5147,Arkansas,Woodruff,92,15,,,30,27,12,27,53,,
5149,Arkansas,Yell,350,65,46,44,118,77,79,111,160,318,32
6001,California,Alameda,"9,635","2,454","1,254","1,219","2,634","2,074","3,098","2,509","4,028","8,587","1,046"
6003,California,Alpine,,,,,,,,,,,
6005,California,Amador,958,293,119,128,251,167,170,232,556,892,66
6007,California,Butte,"3,401",845,430,442,"1,009",675,"1,032",754,"1,615","3,113",288
6009,California,Calaveras,"1,080",264,133,160,300,223,224,223,633,988,92
6011,California,Colusa,229,77,32,20,64,36,65,50,114,211,18
6013,California,Contra Costa,"10,541","2,884","1,272","1,235","2,697","2,453","2,965","2,958","4,618","9,556",983
6015,California,Del Norte,583,163,67,73,163,117,131,160,292,537,46
6017,California,El Dorado,"3,449","1,071",472,405,858,643,774,859,"1,816","3,179",269
6019,California,Fresno,"12,105","3,558","1,386","1,512","3,435","2,214","3,827","3,174","5,104","11,151",953
6021,California,Glenn,309,78,37,40,105,49,90,51,168,294,15
6023,California,Humboldt,"1,961",519,219,207,586,430,489,466,"1,006","1,768",193
6025,California,Imperial,"2,331",566,285,304,680,496,894,799,638,"2,198",133
6027,California,Inyo,285,70,41,31,87,56,71,54,160,258,27
6029,California,Kern,"12,502","3,163","1,523","1,631","3,739","2,446","4,525","3,601","4,376","11,328","1,174"
6031,California,Kings,"3,785","1,017",473,479,"1,088",728,"1,241","1,410","1,134","3,277",508
6033,California,Lake,"1,449",375,150,163,387,374,224,304,921,"1,358",91
6035,California,Lassen,676,218,79,91,166,122,197,220,259,625,51
6037,California,Los Angeles,"67,428","15,714","7,261","7,892","21,289","15,272","25,641","19,339","22,446","60,642","6,782"
6039,California,Madera,"2,398",707,287,306,649,449,676,548,"1,174","2,200",197
6041,California,Marin,"1,609",515,213,193,348,340,300,345,964,"1,476",132
6043,California,Mariposa,411,135,52,45,105,74,85,73,253,385,25
6045,California,Mendocino,"1,257",362,132,119,360,284,202,254,801,"1,172",85
6047,California,Merced,"2,853",829,323,372,834,495,869,664,"1,320","2,599",254
6049,California,Modoc,216,65,30,20,54,47,39,52,125,205,11
6051,California,Mono,130,29,17,18,37,29,56,30,44,113,17
6053,California,Monterey,"5,394","1,196",685,695,"1,636","1,182","1,325","1,645","2,424","4,753",639
6055,California,Napa,"1,902",594,210,210,462,426,326,432,"1,144","1,778",124
6057,California,Nevada,"2,007",597,228,221,518,443,385,435,"1,187","1,845",162
6059,California,Orange,"24,220","6,202","2,975","2,933","7,050","5,060","9,012","6,279","8,928","22,253","1,964"
6061,California,Placer,"7,606","2,025",981,912,"2,057","1,631","2,159","2,131","3,316","6,887",717
6063,California,Plumas,468,169,55,46,126,72,75,90,303,445,23
6065,California,Riverside,"45,103","8,982","4,417","4,896","12,968","13,840","15,428","15,315","14,360","40,229","4,872"
6067,California,Sacramento,"21,239","5,288","2,805","2,590","6,045","4,511","6,556","6,072","8,611","18,726","2,512"
6069,California,San Benito,815,178,80,98,269,190,266,211,338,757,58
6071,California,San Bernardino,"28,959","6,263","3,276","3,362","8,945","7,113","10,411","8,395","10,152","26,052","2,906"
6073,California,San Diego,"89,806","17,674","10,539","11,122","25,279","25,192","33,355","32,126","24,324","77,299","12,507"
6075,California,San Francisco,"4,125","1,022",494,433,"1,115","1,061","1,514","1,082","1,529","3,675",450
6077,California,San Joaquin,"8,197","1,918",913,"1,019","2,470","1,877","2,491","2,346","3,360","7,420",776
6079,California,San Luis Obispo,"4,195","1,279",564,473,"1,040",839,937,"1,035","2,223","3,891",301
6081,California,San Mateo,"3,955",984,485,437,"1,093",956,"1,275","1,001","1,679","3,580",374
6083,California,Santa Barbara,"5,575","1,489",676,668,"1,547","1,195","1,555","1,633","2,387","5,014",561
6085,California,Santa Clara,"9,225","2,271","1,162","1,180","2,612","2,000","3,133","2,316","3,776","8,401",824
6087,California,Santa Cruz,"2,104",453,224,261,674,492,462,481,"1,161","1,950",154
6089,California,Shasta,"4,197","1,060",520,568,"1,219",830,"1,070",989,"2,138","3,816",380
6091,California,Sierra,66,22,,14,14,,,,45,,
19051,Iowa,Davis,112,34,20,14,28,16,22,23,67,,
6093,California,Siskiyou,970,307,128,127,227,181,198,211,561,901,69
6095,California,Solano,"13,327","3,190","1,596","1,640","3,442","3,459","2,974","4,292","6,060","11,618","1,707"
6097,California,Sonoma,"4,970","1,421",531,510,"1,309","1,199","1,156","1,124","2,690","4,525",445
6099,California,Stanislaus,"5,533","1,456",612,688,"1,674","1,103","1,877","1,308","2,348","5,100",432
6101,California,Sutter,"1,842",466,221,228,556,371,515,547,780,"1,631",211
6103,California,Tehama,"1,273",347,160,157,356,253,303,289,681,"1,161",112
6105,California,Trinity,254,92,37,25,48,52,45,52,157,239,15
6107,California,Tulare,"5,583","1,827",659,761,"1,499",837,"1,753","1,390","2,440","5,208",374
6109,California,Tuolumne,"1,114",297,127,150,314,226,236,249,629,"1,039",74
6111,California,Ventura,"10,807","2,512","1,220","1,306","3,126","2,643","3,342","3,262","4,203","9,824",983
6113,California,Yolo,"2,320",665,301,287,626,441,685,698,937,"2,047",273
6115,California,Yuba,"2,295",451,275,309,755,505,824,747,724,"1,933",362
8001,Colorado,Adams,"6,917","1,588","1,063","1,057","2,026","1,183","2,876","1,894","2,147","6,035",882
8003,Colorado,Alamosa,255,53,28,30,82,62,67,76,112,233,22
8005,Colorado,Arapahoe,"11,310","2,641","1,717","1,702","3,214","2,036","4,141","3,609","3,560","9,557","1,753"
8007,Colorado,Archuleta,326,75,43,47,87,74,72,84,170,286,40
8009,Colorado,Baca,42,13,,,11,,,,27,,
8011,Colorado,Bent,145,35,14,15,41,40,16,44,85,,
8013,Colorado,Boulder,"2,756",756,466,389,721,424,"1,082",682,992,"2,436",320
8014,Colorado,Broomfield,"1,056",251,174,177,297,157,455,277,324,941,114
8015,Colorado,Chaffee,361,97,59,42,95,68,82,107,172,320,41
8017,Colorado,Cheyenne,26,,,,,,,,12,,
8019,Colorado,Clear Creek,159,43,23,33,33,27,47,51,61,143,16
8021,Colorado,Conejos,136,28,16,17,36,39,18,39,79,,
8023,Colorado,Costilla,122,20,11,15,44,32,19,33,70,112,10
8025,Colorado,Crowley,95,17,12,11,28,27,18,30,47,,
8027,Colorado,Custer,236,69,26,26,57,58,39,85,112,208,28
8029,Colorado,Delta,954,320,153,111,218,152,150,226,578,878,76
8031,Colorado,Denver,"7,147","1,678","1,090","1,105","1,960","1,314","3,113","1,800","2,233","6,166",980
8033,Colorado,Dolores,52,11,,,19,10,12,17,23,,
8035,Colorado,Douglas,"6,466","1,521",931,974,"1,853","1,187","2,459","2,370","1,637","5,682",784
8037,Colorado,Eagle,295,89,37,42,79,48,79,92,124,260,35
8039,Colorado,Elbert,749,164,97,101,224,163,244,253,252,657,92
8041,Colorado,El Paso,"47,329","7,705","6,005","6,955","15,159","11,505","17,801","18,893","10,635","39,379","7,950"
8043,Colorado,Fremont,"1,487",324,175,206,430,352,374,460,653,"1,334",153
8045,Colorado,Garfield,678,211,117,101,153,96,192,171,315,621,57
8047,Colorado,Gilpin,114,33,15,13,35,18,27,38,49,103,11
8049,Colorado,Grand,205,63,35,28,32,47,51,44,110,182,23
8051,Colorado,Gunnison,198,65,26,32,36,39,55,54,89,177,21
8053,Colorado,Hinsdale,19,,,,,,,,14,,
8055,Colorado,Huerfano,225,42,28,25,76,54,27,64,134,203,22
8057,Colorado,Jackson,27,,,,,,,,13,,
8059,Colorado,Jefferson,"7,991","2,205","1,300","1,198","2,014","1,274","2,785","2,065","3,141","7,101",889
8061,Colorado,Kiowa,20,,,,,,,,,,
8063,Colorado,Kit Carson,70,20,,16,16,,17,23,30,,
8065,Colorado,Lake,91,32,,,20,16,32,21,38,75,16
8067,Colorado,La Plata,821,211,108,126,217,159,221,235,365,734,87
8069,Colorado,Larimer,"6,220","1,810",940,845,"1,602","1,023","2,347","1,543","2,330","5,537",682
8071,Colorado,Las Animas,341,65,34,33,103,106,67,105,169,308,33
8073,Colorado,Lincoln,97,18,17,16,27,19,30,28,39,87,10
8075,Colorado,Logan,313,101,54,48,70,40,77,82,154,288,25
8077,Colorado,Mesa,"4,947","1,785",685,599,"1,093",785,"1,204","1,373","2,370","4,470",477
8079,Colorado,Mineral,15,,,,,,,,11,,
8081,Colorado,Moffat,267,94,38,27,70,38,66,68,133,246,21
8083,Colorado,Montezuma,736,208,96,113,189,130,153,188,395,674,62
8085,Colorado,Montrose,"1,069",387,151,128,230,173,225,253,591,978,91
8087,Colorado,Morgan,316,89,50,53,80,44,96,88,132,290,26
8089,Colorado,Otero,406,88,46,51,115,106,92,97,217,369,37
8091,Colorado,Ouray,117,42,11,21,27,16,30,26,61,105,12
8093,Colorado,Park,513,118,58,66,153,118,137,153,223,453,60
8095,Colorado,Phillips,56,20,,,14,,19,12,25,,
8097,Colorado,Pitkin,80,37,11,,15,,19,18,43,,
8099,Colorado,Prowers,210,74,22,27,46,41,36,50,124,,
8101,Colorado,Pueblo,"4,965",894,549,661,"1,559","1,302","1,433","1,509","2,023","4,428",537
8103,Colorado,Rio Blanco,143,50,18,20,32,23,34,34,75,130,13
8105,Colorado,Rio Grande,245,62,30,24,68,61,42,76,127,226,19
8107,Colorado,Routt,232,86,31,29,50,36,60,58,114,213,19
8109,Colorado,Saguache,101,21,,,30,30,18,31,52,88,13
8111,Colorado,San Juan,15,,,,,,,,,,
8113,Colorado,San Miguel,58,16,11,,13,,20,13,25,,
8115,Colorado,Sedgwick,47,13,,,,12,,,30,,
8117,Colorado,Summit,229,61,32,37,73,26,71,77,81,197,32
8119,Colorado,Teller,"1,246",229,141,169,362,345,278,506,462,"1,074",172
8121,Colorado,Washington,60,13,,,15,13,18,17,25,,
8123,Colorado,Weld,"5,236","1,393",754,773,"1,434",882,"2,041","1,439","1,756","4,662",573
8125,Colorado,Yuma,84,24,19,13,18,10,16,17,51,,
9001,Connecticut,Fairfield,"4,352","1,311",608,602,"1,133",698,"1,335","1,029","1,988","3,984",368
9003,Connecticut,Hartford,"8,342","2,557","1,229","1,113","2,025","1,418","2,489","2,305","3,548","7,467",875
9005,Connecticut,Litchfield,"2,004",599,314,247,521,323,564,432,"1,008","1,846",158
9007,Connecticut,Middlesex,"1,904",565,285,271,480,303,567,484,853,"1,739",165
9009,Connecticut,New Haven,"7,652","2,223","1,065",984,"1,987","1,393","2,274","1,935","3,443","6,925",726
9011,Connecticut,New London,"5,579","1,439",791,898,"1,607",844,"1,649","2,024","1,906","5,013",565
9013,Connecticut,Tolland,"1,796",550,273,223,432,318,574,456,766,"1,639",157
9015,Connecticut,Windham,"1,755",471,229,267,502,286,500,502,753,"1,623",132
10001,Delaware,Kent,"6,138","1,173",734,860,"1,964","1,407","1,412","2,567","2,159","5,118","1,020"
10003,Delaware,New Castle,"6,604","1,560",852,854,"1,988","1,350","1,656","2,300","2,648","5,721",883
10005,Delaware,Sussex,"4,193","1,055",552,560,"1,148",878,681,"1,088","2,424","3,769",424
11001,District of Columbia,District of Columbia,"6,731","1,464",871,945,"1,980","1,471","2,445","2,285","2,001","5,467","1,264"
12001,Florida,Alachua,"4,996","1,191",631,704,"1,405","1,065","1,342","1,668","1,986","4,296",698
12003,Florida,Baker,656,161,85,90,189,131,160,239,257,590,66
12005,Florida,Bay,"9,113","2,140","1,233","1,167","2,544","2,029","1,972","3,819","3,322","7,888","1,225"
12007,Florida,Bradford,709,161,91,99,197,161,140,266,303,643,66
12009,Florida,Brevard,"25,151","5,503","2,954","3,274","7,451","5,969","5,838","9,218","10,094","21,941","3,210"
12011,Florida,Broward,"18,853","4,160","2,437","2,373","5,772","4,111","6,269","6,527","6,057","16,292","2,558"
12013,Florida,Calhoun,267,51,43,35,82,56,65,82,120,239,28
12015,Florida,Charlotte,"5,642","1,583",666,678,"1,566","1,149",731,"1,407","3,504","5,202",439
12017,Florida,Citrus,"5,788","1,415",753,752,"1,592","1,276",917,"1,629","3,241","5,225",562
12019,Florida,Clay,"12,742","2,501","1,582","1,646","3,667","3,346","3,120","5,927","3,695","10,645","2,097"
12021,Florida,Collier,"4,512","1,307",585,577,"1,205",838,789,"1,024","2,699","4,209",303
12023,Florida,Columbia,"2,420",576,325,331,699,489,500,779,"1,141","2,168",252
12027,Florida,DeSoto,512,144,58,68,146,96,80,124,308,466,46
12029,Florida,Dixie,382,81,43,55,121,82,64,103,215,345,37
12031,Florida,Duval,"31,671","6,796","4,123","4,277","9,246","7,229","9,400","13,716","8,555","26,065","5,605"
12033,Florida,Escambia,"15,413","3,692","2,024","2,056","4,519","3,122","3,384","6,232","5,797","13,066","2,347"
12035,Florida,Flagler,"3,916",864,391,492,"1,128","1,041",774,"1,252","1,890","3,522",394
12037,Florida,Franklin,267,75,32,39,52,69,32,72,163,248,19
12039,Florida,Gadsden,966,204,112,127,282,241,153,371,442,853,113
12041,Florida,Gilchrist,474,108,56,50,142,118,126,132,216,416,58
12043,Florida,Glades,332,97,39,45,96,55,36,64,232,309,23
12045,Florida,Gulf,487,135,60,53,136,103,60,173,254,432,55
12047,Florida,Hamilton,312,65,37,36,91,83,65,109,138,272,40
12049,Florida,Hardee,257,65,30,37,78,47,64,65,128,239,18
12051,Florida,Hendry,504,161,63,64,127,89,119,136,249,452,52
12053,Florida,Hernando,"6,686","1,451",812,810,"2,045","1,568","1,479","1,937","3,270","5,988",698
12055,Florida,Highlands,"2,637",704,327,310,725,571,376,624,"1,637","2,391",246
12057,Florida,Hillsborough,"38,834","6,874","4,644","4,825","11,362","11,129","11,958","15,973","10,903","32,263","6,569"
19171,Iowa,Tama,239,68,36,29,69,37,67,62,110,215,24
12059,Florida,Holmes,538,113,75,70,163,117,87,183,268,504,34
12061,Florida,Indian River,"3,809","1,004",471,461,"1,061",812,574,929,"2,305","3,476",332
12063,Florida,Jackson,"1,280",237,170,171,398,304,224,460,596,"1,153",127
12065,Florida,Jefferson,331,67,46,43,100,75,63,118,150,294,37
12067,Florida,Lafayette,150,38,20,25,34,33,24,51,75,137,13
12069,Florida,Lake,"10,680","2,632","1,233","1,285","3,104","2,426","2,250","3,140","5,290","9,612","1,067"
12071,Florida,Lee,"13,458","3,652","1,764","1,708","3,607","2,727","2,962","3,569","6,927","12,251","1,205"
12073,Florida,Leon,"4,587","1,114",626,622,"1,265",960,"1,340","1,555","1,692","3,839",747
12075,Florida,Levy,"1,333",305,176,187,386,279,251,384,698,"1,184",149
12077,Florida,Liberty,120,29,18,12,37,24,24,40,56,,
12079,Florida,Madison,402,79,54,56,117,96,67,130,205,362,40
12081,Florida,Manatee,"7,981","1,917",991,"1,043","2,209","1,821","1,750","2,434","3,797","7,128",853
12083,Florida,Marion,"10,718","2,539","1,354","1,333","3,105","2,387","2,057","2,948","5,713","9,594","1,124"
12085,Florida,Martin,"2,672",790,331,347,695,509,511,633,"1,528","2,475",197
12086,Florida,Miami-Dade,"16,331","3,369","1,871","1,932","5,244","3,915","6,119","5,563","4,649","14,402","1,927"
12087,Florida,Monroe,"2,057",544,268,274,592,379,491,849,717,"1,814",243
12089,Florida,Nassau,"3,420",722,462,439,969,828,886,"1,390","1,144","2,969",451
12091,Florida,Okaloosa,"18,016","3,953","2,413","2,479","5,131","4,040","4,882","7,784","5,350","15,039","2,976"
12093,Florida,Okeechobee,819,213,105,109,236,156,127,209,483,768,51
12095,Florida,Orange,"23,270","4,822","2,734","2,903","6,968","5,843","7,769","8,356","7,145","19,980","3,290"
12097,Florida,Osceola,"8,674","1,450",832,942,"2,743","2,707","2,642","3,318","2,714","7,603","1,071"
12099,Florida,Palm Beach,"15,548","3,829","1,970","1,951","4,492","3,306","4,176","4,355","7,015","13,918","1,627"
12101,Florida,Pasco,"16,742","3,491","1,955","2,090","4,925","4,281","4,497","5,693","6,552","14,600","2,142"
12103,Florida,Pinellas,"21,225","5,060","2,678","2,619","6,228","4,640","4,925","6,899","9,400","18,452","2,773"
12105,Florida,Polk,"16,218","3,728","1,918","1,992","4,729","3,851","4,157","5,196","6,865","14,234","1,983"
12107,Florida,Putnam,"2,015",478,272,266,559,440,343,637,"1,034","1,823",192
12109,Florida,St. Johns,"8,492","1,721",919,"1,104","2,369","2,379","2,293","3,506","2,693","7,326","1,166"
12111,Florida,St. Lucie,"7,665","1,793",851,929,"2,300","1,792","1,832","2,326","3,507","6,753",911
12113,Florida,Santa Rosa,"13,901","2,825","1,758","1,817","4,179","3,322","3,665","6,446","3,790","11,833","2,067"
12115,Florida,Sarasota,"7,993","2,212","1,076",979,"2,072","1,654","1,408","1,925","4,660","7,344",646
12117,Florida,Seminole,"8,986","2,147","1,137","1,181","2,597","1,924","2,899","2,883","3,204","7,861","1,125"
12119,Florida,Sumter,"5,403","1,595",788,690,"1,352",978,318,"1,027","4,058","4,934",467
12121,Florida,Suwannee,"1,173",256,129,163,359,266,239,359,575,"1,060",113
12123,Florida,Taylor,472,114,56,61,136,105,78,170,224,434,38
12125,Florida,Union,260,65,35,40,70,50,59,76,125,232,28
12127,Florida,Volusia,"16,363","4,280","1,905","1,975","4,504","3,699","3,795","4,686","7,882","14,673","1,687"
12129,Florida,Wakulla,954,211,122,160,259,202,240,366,348,835,119
12131,Florida,Walton,"2,774",658,353,344,781,638,625,"1,064","1,085","2,417",357
12133,Florida,Washington,737,153,100,93,218,173,141,256,340,663,74
13001,Georgia,Appling,278,56,35,45,87,55,77,85,116,246,32
13003,Georgia,Atkinson,92,16,12,13,31,20,20,28,44,82,10
13005,Georgia,Bacon,150,28,23,26,38,35,42,40,68,136,14
13007,Georgia,Baker,62,,,,27,16,12,18,32,,
13009,Georgia,Baldwin,815,151,87,109,261,207,199,239,377,713,101
13011,Georgia,Banks,304,76,43,33,87,65,85,88,131,279,25
13013,Georgia,Barrow,"1,357",289,197,179,429,263,505,399,453,"1,163",194
13015,Georgia,Bartow,"1,944",483,217,250,564,430,580,591,773,"1,741",203
13017,Georgia,Ben Hill,302,45,30,42,113,72,69,89,144,272,30
13019,Georgia,Berrien,469,79,63,59,167,101,132,168,169,400,69
13021,Georgia,Bibb,"3,787",764,414,431,"1,236",942,879,"1,449","1,459","3,191",595
13023,Georgia,Bleckley,308,56,41,42,101,68,74,117,117,274,34
13025,Georgia,Brantley,350,79,47,39,117,68,93,111,146,327,23
13027,Georgia,Brooks,391,81,50,65,101,94,76,129,186,342,49
13029,Georgia,Bryan,"2,816",343,242,328,917,986,"1,070","1,331",415,"2,306",510
13031,Georgia,Bulloch,"1,405",226,177,206,490,306,518,494,393,"1,198",207
13033,Georgia,Burke,549,105,56,70,164,154,155,187,207,461,88
13035,Georgia,Butts,491,104,61,70,131,125,120,174,197,424,67
13037,Georgia,Calhoun,112,11,16,13,37,35,22,37,53,101,11
13039,Georgia,Camden,"3,465",664,445,508,"1,054",794,"1,007","1,656",802,"3,017",447
13043,Georgia,Candler,189,38,34,24,52,41,43,63,83,158,30
13045,Georgia,Carroll,"2,023",461,219,263,626,454,618,646,759,"1,754",269
13047,Georgia,Catoosa,"1,173",271,146,139,370,247,307,344,522,"1,076",97
13049,Georgia,Charlton,256,78,30,38,60,50,59,81,116,231,25
13051,Georgia,Chatham,"9,561","1,539","1,092","1,258","3,139","2,533","3,648","3,392","2,521","7,703","1,858"
13053,Georgia,Chattahoochee,401,64,41,42,134,120,195,145,60,324,77
13055,Georgia,Chattooga,395,110,50,43,109,83,67,111,217,359,36
13057,Georgia,Cherokee,"4,423","1,034",575,603,"1,196","1,015","1,377","1,326","1,720","3,947",476
13059,Georgia,Clarke,"1,262",303,170,165,361,263,388,387,487,"1,090",172
13061,Georgia,Clay,72,12,,13,28,,,,38,,
13063,Georgia,Clayton,"6,993","1,319",745,806,"2,309","1,814","1,777","3,081","2,135","5,319","1,674"
13065,Georgia,Clinch,110,25,19,14,33,19,24,41,45,93,17
13067,Georgia,Cobb,"11,708","2,554","1,356","1,461","3,532","2,805","3,668","4,488","3,551","9,638","2,068"
13069,Georgia,Coffee,601,114,67,74,198,148,150,213,238,518,83
13071,Georgia,Colquitt,567,118,69,90,174,116,126,179,262,509,58
13073,Georgia,Columbia,"10,841","1,167","1,059","1,233","3,410","3,972","3,774","4,829","2,237","8,219","2,622"
13075,Georgia,Cook,373,70,44,57,117,85,101,128,144,324,49
13077,Georgia,Coweta,"3,661",827,458,480,"1,016",880,"1,057","1,427","1,177","3,141",520
13079,Georgia,Crawford,311,63,36,51,85,76,51,120,140,283,28
13081,Georgia,Crisp,338,67,43,48,102,78,81,103,154,298,40
13083,Georgia,Dade,303,73,32,56,72,70,77,76,150,283,20
13085,Georgia,Dawson,503,124,60,59,141,119,140,142,221,461,42
13087,Georgia,Decatur,501,99,52,80,150,120,139,179,183,430,71
13089,Georgia,DeKalb,"11,936","2,461","1,371","1,420","3,683","3,001","3,378","4,598","3,960","9,390","2,546"
13091,Georgia,Dodge,374,67,42,56,123,86,89,157,128,333,41
13093,Georgia,Dooly,169,35,23,19,52,40,37,58,74,143,26
13095,Georgia,Dougherty,"2,472",370,243,292,832,735,530,"1,015",927,"2,078",394
13097,Georgia,Douglas,"3,912",690,403,414,"1,254","1,151","1,092","1,749","1,071","3,062",850
13099,Georgia,Early,209,38,19,19,70,63,56,85,68,186,23
13101,Georgia,Echols,36,,,11,,,12,12,12,,
13103,Georgia,Effingham,"2,455",385,262,317,857,634,"1,012",912,531,"2,113",342
13105,Georgia,Elbert,350,75,46,42,110,77,67,99,184,318,32
13107,Georgia,Emanuel,373,69,39,44,123,98,80,142,151,330,43
13109,Georgia,Evans,190,35,22,39,57,37,48,61,81,170,20
13111,Georgia,Fannin,654,166,84,89,175,140,79,175,400,607,47
13113,Georgia,Fayette,"3,698",827,435,449,"1,074",913,704,"1,527","1,467","3,144",554
13115,Georgia,Floyd,"1,465",363,193,213,402,294,331,418,716,"1,321",144
13117,Georgia,Forsyth,"2,402",611,324,311,653,503,681,827,894,"2,171",231
13119,Georgia,Franklin,365,85,54,36,116,74,95,96,174,328,37
13121,Georgia,Fulton,"13,498","2,539","1,526","1,660","4,151","3,622","4,466","5,106","3,926","10,679","2,817"
13123,Georgia,Gilmer,703,177,97,80,202,147,117,186,400,662,41
13125,Georgia,Glascock,40,,,,12,,11,13,16,,
13127,Georgia,Glynn,"2,178",494,250,281,694,459,517,843,818,"1,895",283
13129,Georgia,Gordon,757,177,99,98,227,156,206,190,361,707,50
13131,Georgia,Grady,429,96,55,46,139,93,94,146,189,390,39
13133,Georgia,Greene,334,100,41,50,76,67,38,71,225,308,26
13135,Georgia,Gwinnett,"12,448","2,379","1,397","1,515","3,944","3,213","4,210","5,074","3,164","10,020","2,426"
13137,Georgia,Habersham,773,227,97,109,192,148,165,197,411,718,55
13139,Georgia,Hall,"2,801",745,399,377,737,543,687,774,"1,340","2,562",239
13141,Georgia,Hancock,191,43,27,15,67,39,37,63,91,160,31
13143,Georgia,Haralson,456,112,53,68,115,108,118,157,181,415,41
13145,Georgia,Harris,"2,103",242,151,188,608,914,464,"1,016",623,"1,825",278
13147,Georgia,Hart,416,105,50,56,115,90,84,108,224,387,29
13149,Georgia,Heard,186,42,23,32,46,43,46,56,84,170,16
13151,Georgia,Henry,"9,104","1,329",789,900,"2,921","3,165","2,418","4,457","2,228","6,933","2,171"
13153,Georgia,Houston,"10,936","1,752","1,062","1,375","3,475","3,272","2,814","5,253","2,869","8,773","2,163"
13155,Georgia,Irwin,151,41,17,14,50,29,34,60,57,139,12
20101,Kansas,Lane,23,,,,,,,,15,,
13157,Georgia,Jackson,"1,387",308,173,166,430,310,479,401,506,"1,249",138
13159,Georgia,Jasper,265,63,27,27,84,64,57,78,130,244,21
13161,Georgia,Jeff Davis,203,42,23,25,55,58,49,69,85,184,19
13163,Georgia,Jefferson,372,73,39,51,124,85,87,147,138,315,57
13165,Georgia,Jenkins,144,32,15,13,46,38,32,52,60,127,17
13167,Georgia,Johnson,134,20,14,18,54,28,29,51,54,115,19
13169,Georgia,Jones,710,133,80,78,234,185,177,270,263,611,99
13171,Georgia,Lamar,389,81,51,60,110,87,97,129,163,347,42
13173,Georgia,Lanier,341,51,43,46,130,71,110,143,88,285,56
13175,Georgia,Laurens,"1,306",207,132,160,439,368,283,521,502,"1,132",173
13177,Georgia,Lee,"1,174",161,91,152,375,395,342,562,270,"1,011",163
13179,Georgia,Liberty,"6,739",718,580,764,"2,419","2,258","2,543","2,803","1,393","5,096","1,642"
13181,Georgia,Lincoln,234,50,35,33,54,62,40,85,109,209,25
13183,Georgia,Long,"1,784",123,114,167,651,729,861,726,197,"1,351",433
13185,Georgia,Lowndes,"3,896",672,509,585,"1,233",897,"1,174","1,578","1,144","3,192",704
13187,Georgia,Lumpkin,686,140,87,94,213,152,178,213,295,646,40
13189,Georgia,McDuffie,602,97,68,68,192,177,148,220,234,507,95
13191,Georgia,McIntosh,355,75,48,42,107,83,58,134,163,315,40
13193,Georgia,Macon,244,42,24,25,87,66,50,95,99,219,25
13195,Georgia,Madison,560,155,62,80,156,107,148,150,262,515,45
13197,Georgia,Marion,248,36,27,23,80,82,66,83,99,217,31
13199,Georgia,Meriwether,488,107,60,73,138,110,109,163,216,429,59
13201,Georgia,Miller,91,20,,,35,18,21,27,43,,
13205,Georgia,Mitchell,356,54,43,48,117,94,107,115,134,302,54
13207,Georgia,Monroe,632,134,63,81,196,158,148,216,268,552,80
13209,Georgia,Montgomery,147,29,16,20,49,33,43,52,52,133,14
13211,Georgia,Morgan,342,86,44,40,101,71,61,97,184,319,23
13213,Georgia,Murray,472,136,42,71,121,102,115,117,240,439,33
13215,Georgia,Muscogee,"11,315","1,427",990,"1,107","3,547","4,244","2,945","4,643","3,727","9,075","2,240"
13217,Georgia,Newton,"2,973",512,326,318,939,878,842,"1,229",902,"2,407",565
13219,Georgia,Oconee,541,133,82,70,157,99,131,161,249,501,40
13221,Georgia,Oglethorpe,308,66,36,45,92,69,69,84,155,282,26
13223,Georgia,Paulding,"3,883",753,435,504,"1,224",967,"1,366","1,548",969,"3,228",654
13225,Georgia,Peach,"1,125",198,114,120,364,329,254,486,385,949,176
13227,Georgia,Pickens,667,149,102,87,201,128,143,181,343,628,39
13229,Georgia,Pierce,410,84,40,61,138,87,102,133,175,374,36
13231,Georgia,Pike,414,105,64,61,114,70,112,122,180,381,33
13233,Georgia,Polk,679,182,71,97,195,134,151,191,337,640,39
13235,Georgia,Pulaski,247,43,29,34,71,70,45,103,99,214,33
13237,Georgia,Putnam,434,101,60,55,112,106,82,131,221,387,47
13239,Georgia,Quitman,74,16,10,11,21,16,14,18,42,,
13241,Georgia,Rabun,320,80,38,40,99,63,43,69,208,301,19
13243,Georgia,Randolph,132,27,11,20,35,39,26,43,63,119,13
13245,Georgia,Richmond,"10,030","1,355","1,004","1,158","3,375","3,138","2,533","3,890","3,607","7,624","2,406"
13247,Georgia,Rockdale,"2,774",487,270,271,877,869,631,"1,210",933,"2,206",568
13249,Georgia,Schley,72,14,,,23,18,18,32,22,,
13251,Georgia,Screven,276,47,39,35,93,62,67,92,117,239,37
13253,Georgia,Seminole,145,39,18,12,41,35,30,51,64,130,15
13255,Georgia,Spalding,"1,431",337,178,179,386,351,315,456,660,"1,234",197
13257,Georgia,Stephens,449,119,72,57,127,74,96,113,240,412,37
13259,Georgia,Stewart,108,18,11,10,31,38,18,45,45,95,13
13261,Georgia,Sumter,484,88,49,63,154,130,90,191,203,431,53
13263,Georgia,Talbot,220,40,27,21,64,68,40,74,106,195,25
13265,Georgia,Taliaferro,41,11,,,,15,,,20,,
13267,Georgia,Tattnall,545,85,67,79,169,145,140,210,195,471,74
13269,Georgia,Taylor,155,30,12,18,51,44,26,50,79,145,10
13271,Georgia,Telfair,162,23,16,25,59,39,30,46,86,150,12
13273,Georgia,Terrell,184,38,18,22,55,51,36,82,66,162,22
13275,Georgia,Thomas,860,177,114,124,258,187,218,308,334,755,105
13277,Georgia,Tift,701,109,74,90,244,184,186,252,263,593,108
13279,Georgia,Toombs,448,79,46,56,156,111,130,158,160,397,51
13281,Georgia,Towns,356,91,44,36,107,78,36,82,238,328,28
13283,Georgia,Treutlen,109,25,11,12,34,27,37,39,33,99,10
13285,Georgia,Troup,"1,448",358,161,178,412,339,310,505,633,"1,286",162
13287,Georgia,Turner,163,37,16,20,53,37,45,59,59,141,22
13289,Georgia,Twiggs,204,42,25,22,67,48,38,75,91,178,26
13291,Georgia,Union,896,238,100,113,236,209,112,208,576,836,60
13293,Georgia,Upson,508,110,56,62,176,104,105,166,237,457,50
13295,Georgia,Walker,"1,204",319,142,135,348,260,266,344,594,"1,119",85
13297,Georgia,Walton,"1,881",373,251,233,552,472,613,638,630,"1,626",255
13299,Georgia,Ware,732,141,78,95,223,195,155,259,318,647,85
13301,Georgia,Warren,93,19,15,13,26,20,20,28,45,,
13303,Georgia,Washington,384,60,39,48,140,97,99,124,161,320,64
13305,Georgia,Wayne,779,122,83,95,266,213,222,291,266,690,89
13307,Georgia,Webster,44,,,,14,10,,,19,,
13309,Georgia,Wheeler,104,12,15,17,40,20,17,39,48,92,12
13311,Georgia,White,611,155,74,81,167,134,109,188,314,571,40
13313,Georgia,Whitfield,"1,004",283,123,139,288,171,285,250,469,931,73
13315,Georgia,Wilcox,118,25,15,11,39,28,30,30,58,,
13317,Georgia,Wilkes,226,39,34,23,70,60,49,75,102,199,27
13319,Georgia,Wilkinson,203,32,19,33,63,56,46,80,77,180,23
13321,Georgia,Worth,421,72,48,53,146,102,90,142,189,384,37
15001,Hawaii,Hawaii,"3,999",921,493,471,961,"1,153",738,"1,077","2,184","3,652",347
15003,Hawaii,Honolulu,"27,724","6,192","3,583","3,870","7,833","6,246","8,181","10,449","9,094","23,718","4,004"
15005,Hawaii,Kalawao,,,,,,,,,,,
15007,Hawaii,Kauai,"1,214",376,197,149,290,202,198,303,713,"1,135",79
15009,Hawaii,Maui,"2,051",559,217,235,576,464,401,464,"1,185","1,898",153
16001,Idaho,Ada,"11,391","2,817","1,699","1,733","3,167","1,975","3,709","3,710","3,972","10,149","1,241"
16003,Idaho,Adams,148,36,26,22,36,28,33,36,79,132,16
16005,Idaho,Bannock,"1,686",467,224,222,488,285,520,482,684,"1,543",143
16007,Idaho,Bear Lake,94,30,,,25,21,10,29,55,,
16009,Idaho,Benewah,298,91,40,42,79,46,61,81,156,275,23
16011,Idaho,Bingham,702,186,106,86,221,103,194,213,295,647,55
16013,Idaho,Blaine,161,56,23,20,35,27,42,40,79,150,11
16015,Idaho,Boise,354,93,52,49,91,69,60,121,173,322,32
16017,Idaho,Bonner,"1,491",425,206,178,390,292,309,447,735,"1,372",119
16019,Idaho,Bonneville,"1,992",553,274,270,553,342,659,583,750,"1,839",153
16021,Idaho,Boundary,439,108,57,55,126,93,89,134,216,404,35
16023,Idaho,Butte,51,18,,,12,,,,29,,
16025,Idaho,Camas,19,,,,,,,,,,
16027,Idaho,Canyon,"5,109","1,183",771,737,"1,472",946,"1,701","1,536","1,872","4,609",499
16029,Idaho,Caribou,106,40,16,12,21,17,22,11,73,,
16031,Idaho,Cassia,228,65,34,25,65,39,64,57,107,213,15
16033,Idaho,Clark,,,,,,,,,,,
16035,Idaho,Clearwater,333,108,31,58,74,62,46,74,213,313,20
16037,Idaho,Custer,117,26,23,17,33,18,26,32,59,,
16039,Idaho,Elmore,"2,253",414,350,373,719,397,642,998,613,"1,885",368
16041,Idaho,Franklin,146,45,20,21,38,22,29,49,68,136,10
16043,Idaho,Fremont,238,64,39,33,64,38,42,51,145,224,14
16045,Idaho,Gem,572,138,84,78,173,99,150,152,270,516,56
16047,Idaho,Gooding,224,66,36,29,52,41,52,56,116,212,12
16049,Idaho,Idaho,594,144,75,80,178,117,66,146,382,558,36
16051,Idaho,Jefferson,453,111,60,67,115,100,139,133,181,415,38
16053,Idaho,Jerome,294,84,46,42,74,48,84,76,134,268,26
16055,Idaho,Kootenai,"5,023","1,324",707,686,"1,318",988,"1,396","1,404","2,223","4,597",425
16057,Idaho,Latah,619,162,92,91,163,111,206,171,242,572,47
16059,Idaho,Lemhi,266,58,37,34,83,54,34,79,153,244,22
16061,Idaho,Lewis,109,26,18,16,26,23,19,30,60,97,12
16063,Idaho,Lincoln,61,20,,14,,12,19,18,24,,
16065,Idaho,Madison,297,77,49,43,76,52,89,77,131,274,23
16067,Idaho,Minidoka,214,51,32,34,63,34,61,57,96,199,15
16069,Idaho,Nez Perce,"1,129",283,149,175,322,200,265,339,525,"1,044",85
16071,Idaho,Oneida,88,16,16,22,24,10,25,18,45,,
16073,Idaho,Owyhee,227,69,34,29,62,33,54,71,102,201,26
16075,Idaho,Payette,602,154,107,81,161,99,141,192,269,560,42
16077,Idaho,Power,108,41,12,15,22,18,27,25,56,94,14
16079,Idaho,Shoshone,329,92,46,52,85,54,62,92,175,309,20
16081,Idaho,Teton,89,25,,15,26,,28,22,39,,
16083,Idaho,Twin Falls,"1,499",371,214,207,433,274,508,344,647,"1,360",139
16085,Idaho,Valley,297,97,33,40,81,46,54,112,131,262,35
16087,Idaho,Washington,262,72,42,39,69,40,54,73,135,237,25
17001,Illinois,Adams,"1,143",283,127,135,330,268,314,280,549,"1,066",77
17003,Illinois,Alexander,115,23,12,16,37,27,13,35,67,,
17005,Illinois,Bond,241,59,36,23,71,52,61,67,113,221,20
17007,Illinois,Boone,568,137,96,58,188,89,177,141,250,514,54
17009,Illinois,Brown,73,20,,,21,16,15,29,29,,
17011,Illinois,Bureau,399,93,53,54,120,79,105,112,182,356,43
17013,Illinois,Calhoun,60,20,,,14,13,,,40,,
17015,Illinois,Carroll,234,72,25,29,60,48,47,73,114,215,19
17017,Illinois,Cass,147,22,21,20,44,40,26,39,82,,
17019,Illinois,Champaign,"1,745",383,245,235,508,374,625,500,620,"1,538",207
17021,Illinois,Christian,514,118,53,50,154,139,155,126,232,474,40
17023,Illinois,Clark,226,44,32,27,77,46,60,58,108,206,20
17025,Illinois,Clay,196,39,27,30,65,35,48,46,102,,
17027,Illinois,Clinton,766,187,96,92,217,174,186,289,291,670,96
17029,Illinois,Coles,654,147,70,93,175,169,183,152,319,598,56
17031,Illinois,Cook,"29,068","6,240","3,594","3,609","9,191","6,434","9,689","8,181","11,197","25,554","3,512"
17033,Illinois,Crawford,268,67,34,39,66,62,64,64,140,248,20
17035,Illinois,Cumberland,145,34,19,15,51,26,41,36,68,,
17037,Illinois,DeKalb,928,210,120,107,272,219,367,203,358,850,78
17039,Illinois,De Witt,195,52,22,28,61,32,66,41,88,177,18
17041,Illinois,Douglas,216,38,24,33,72,49,71,58,87,201,15
17043,Illinois,DuPage,"4,830","1,155",682,575,"1,427",991,"1,682","1,091","2,057","4,408",421
17045,Illinois,Edgar,246,53,33,35,72,53,53,70,123,226,20
17047,Illinois,Edwards,78,24,,15,,18,,,48,,
17049,Illinois,Effingham,427,100,67,50,126,84,140,90,197,403,24
17051,Illinois,Fayette,261,60,45,36,78,42,77,76,108,249,12
17053,Illinois,Ford,157,33,28,27,44,25,48,31,78,145,12
17055,Illinois,Franklin,775,188,102,110,206,169,191,210,374,728,47
17057,Illinois,Fulton,477,99,53,63,137,125,120,144,213,438,39
17059,Illinois,Gallatin,100,17,16,12,30,25,13,24,63,,
17061,Illinois,Greene,168,36,19,21,58,34,41,42,85,157,11
17063,Illinois,Grundy,586,133,92,78,180,103,239,132,215,536,50
17065,Illinois,Hamilton,116,33,14,14,25,30,21,21,74,,
17067,Illinois,Hancock,293,58,38,38,92,67,67,83,143,268,25
17069,Illinois,Hardin,73,21,,,19,15,,,51,,
17071,Illinois,Henderson,118,29,13,17,35,24,20,38,60,,
17073,Illinois,Henry,666,148,98,101,191,128,167,210,289,611,55
17075,Illinois,Iroquois,363,86,44,51,120,62,97,85,181,339,24
17077,Illinois,Jackson,915,224,110,125,286,170,292,264,359,798,116
17079,Illinois,Jasper,111,21,21,16,35,18,32,22,57,,
17081,Illinois,Jefferson,661,152,81,86,203,139,155,192,314,608,53
17083,Illinois,Jersey,349,67,47,48,104,83,101,78,170,317,32
17085,Illinois,Jo Daviess,300,92,46,45,67,50,60,80,160,277,23
17087,Illinois,Johnson,287,70,28,41,100,48,70,73,144,270,17
17089,Illinois,Kane,"3,496",853,447,382,"1,071",743,"1,251",802,"1,443","3,180",316
17091,Illinois,Kankakee,"1,235",284,157,163,359,272,323,339,573,"1,128",107
17093,Illinois,Kendall,"1,301",242,164,152,462,281,607,361,333,"1,156",145
17095,Illinois,Knox,679,140,101,97,216,125,160,183,336,634,45
17097,Illinois,Lake,"8,254","1,570",990,"1,025","2,700","1,969","3,117","2,754","2,383","6,843","1,411"
17099,Illinois,LaSalle,"1,305",346,154,170,387,248,374,314,617,"1,213",92
17101,Illinois,Lawrence,191,49,30,29,44,39,32,61,98,179,12
17103,Illinois,Lee,395,105,56,46,112,76,119,114,162,361,34
17105,Illinois,Livingston,410,99,47,54,117,93,119,96,195,377,33
17107,Illinois,Logan,343,79,49,40,103,72,112,93,138,310,33
17109,Illinois,McDonough,421,100,49,60,129,83,129,106,186,385,36
17111,Illinois,McHenry,"3,083",715,401,307,942,718,"1,106",749,"1,228","2,822",261
17113,Illinois,McLean,"1,691",378,201,236,522,354,600,475,616,"1,512",179
17115,Illinois,Macon,"1,393",291,169,194,395,344,325,367,701,"1,269",124
17117,Illinois,Macoupin,750,174,101,101,224,150,204,216,330,692,57
17119,Illinois,Madison,"4,787","1,010",580,652,"1,429","1,116","1,397","1,666","1,723","4,191",596
17121,Illinois,Marion,639,130,94,91,188,136,148,173,318,600,38
17123,Illinois,Marshall,157,39,13,17,48,40,47,45,65,145,12
17125,Illinois,Mason,224,46,32,24,72,50,64,65,95,199,25
17127,Illinois,Massac,281,63,39,47,79,53,72,79,130,256,25
17129,Illinois,Menard,234,41,29,28,76,60,82,85,67,212,22
17131,Illinois,Mercer,261,66,46,42,67,40,64,71,126,248,13
17133,Illinois,Monroe,637,116,83,85,212,141,195,204,238,566,71
17135,Illinois,Montgomery,418,83,52,54,128,101,106,114,198,374,44
17137,Illinois,Morgan,469,93,51,65,151,109,125,123,221,429,40
17139,Illinois,Moultrie,162,21,29,21,46,45,57,29,76,152,10
17141,Illinois,Ogle,650,154,86,85,198,127,229,163,258,587,63
17143,Illinois,Peoria,"2,307",491,265,282,699,570,654,748,905,"2,053",252
17145,Illinois,Perry,329,84,31,43,111,60,89,79,161,302,27
17147,Illinois,Piatt,211,52,33,28,61,37,78,47,86,194,17
17149,Illinois,Pike,230,54,37,32,68,39,58,54,118,216,14
17151,Illinois,Pope,99,29,11,12,29,18,16,32,51,,
17153,Illinois,Pulaski,120,38,17,12,29,24,16,33,71,,
17155,Illinois,Putnam,65,,13,,21,17,18,15,32,,
17157,Illinois,Randolph,450,105,55,72,127,91,118,124,208,420,29
17159,Illinois,Richland,219,48,26,37,72,36,64,54,101,208,11
17161,Illinois,Rock Island,"1,930",418,253,269,623,367,551,612,767,"1,733",196
17163,Illinois,St. Clair,"10,546","1,848","1,283","1,302","3,401","2,712","2,649","5,106","2,790","8,487","2,059"
17165,Illinois,Saline,489,113,62,55,144,115,110,124,255,459,30
17167,Illinois,Sangamon,"2,868",579,373,359,862,695,904,904,"1,060","2,555",313
17169,Illinois,Schuyler,136,29,,,46,32,32,35,69,125,11
17171,Illinois,Scott,84,20,11,13,25,15,17,27,40,,
17173,Illinois,Shelby,339,77,46,43,94,79,70,91,178,313,26
17175,Illinois,Stark,65,21,,,17,10,17,18,30,,
17177,Illinois,Stephenson,542,158,90,61,142,91,132,125,285,503,39
17179,Illinois,Tazewell,"1,865",375,235,213,595,447,548,564,753,"1,715",150
17181,Illinois,Union,324,82,58,40,85,59,74,92,158,300,24
17183,Illinois,Vermilion,"1,281",243,177,175,395,291,300,392,589,"1,168",113
17185,Illinois,Wabash,136,29,32,16,31,28,30,29,77,,
17187,Illinois,Warren,200,39,28,31,61,41,49,59,92,190,10
17189,Illinois,Washington,239,51,30,32,76,50,60,73,106,214,25
17191,Illinois,Wayne,228,58,33,30,62,45,54,60,114,212,16
17193,Illinois,White,230,54,28,28,73,47,53,49,128,217,13
17195,Illinois,Whiteside,727,181,106,88,232,120,185,221,321,670,57
17197,Illinois,Will,"5,947","1,207",700,727,"1,880","1,433","2,003","1,681","2,263","5,319",628
17199,Illinois,Williamson,"1,677",392,218,210,501,356,474,511,692,"1,523",154
17201,Illinois,Winnebago,"2,951",775,418,367,841,550,838,771,"1,342","2,627",324
17203,Illinois,Woodford,514,106,65,72,149,122,157,150,207,472,42
18001,Indiana,Adams,398,148,77,59,72,42,90,80,228,372,26
18003,Indiana,Allen,"5,909","2,213",863,816,"1,214",803,"1,621","1,759","2,529","5,378",531
18005,Indiana,Bartholomew,"1,344",482,193,187,293,189,319,406,619,"1,244",99
18007,Indiana,Benton,104,24,,,38,17,30,29,45,,
18009,Indiana,Blackford,303,107,52,41,69,34,71,80,152,285,18
18011,Indiana,Boone,847,284,138,132,177,116,271,266,310,775,72
18013,Indiana,Brown,428,150,50,53,103,72,66,124,238,398,30
18015,Indiana,Carroll,338,112,49,52,87,38,90,93,155,317,21
18017,Indiana,Cass,783,328,124,101,140,90,131,226,426,737,46
18019,Indiana,Clark,"2,477",868,340,346,592,331,623,880,974,"2,233",244
18021,Indiana,Clay,487,136,72,70,133,76,113,177,197,444,43
18023,Indiana,Clinton,359,123,50,57,78,51,109,83,167,339,20
18025,Indiana,Crawford,285,92,45,39,59,50,57,86,142,271,14
18027,Indiana,Daviess,418,130,60,52,96,80,102,136,180,389,29
18029,Indiana,Dearborn,928,308,178,138,201,103,237,253,438,868,60
18031,Indiana,Decatur,328,105,57,53,74,39,74,95,159,304,24
18033,Indiana,DeKalb,912,362,137,120,190,103,211,229,472,851,61
18035,Indiana,Delaware,"1,824",617,306,250,412,239,401,516,907,"1,698",126
18037,Indiana,Dubois,633,239,98,80,125,91,148,158,327,596,36
18039,Indiana,Elkhart,"1,957",711,313,259,419,255,482,496,978,"1,835",122
18041,Indiana,Fayette,375,108,57,50,96,64,87,106,182,356,19
18043,Indiana,Floyd,"1,640",674,264,203,308,191,348,572,720,"1,509",131
18045,Indiana,Fountain,241,64,30,32,69,46,62,63,116,228,13
18047,Indiana,Franklin,356,120,53,49,79,55,82,93,181,339,17
18049,Indiana,Fulton,443,206,57,55,82,43,55,112,276,422,21
18051,Indiana,Gibson,453,142,67,44,119,81,100,135,218,424,29
18053,Indiana,Grant,"1,925",735,293,217,397,283,291,574,"1,059","1,808",116
18055,Indiana,Greene,742,221,116,110,175,120,177,272,293,691,51
18057,Indiana,Hamilton,"4,411","1,239",636,695,"1,063",778,"1,372","1,613","1,426","3,936",475
18059,Indiana,Hancock,"1,797",476,265,236,489,331,553,608,636,"1,609",188
18061,Indiana,Harrison,955,352,138,123,203,139,208,313,433,879,76
18063,Indiana,Hendricks,"3,455","1,143",539,496,768,509,"1,066","1,150","1,239","3,134",321
18065,Indiana,Henry,898,320,149,133,183,113,187,282,429,846,52
18067,Indiana,Howard,"2,432","1,138",329,300,435,230,447,747,"1,238","2,262",170
18069,Indiana,Huntington,815,331,134,101,143,106,182,238,395,775,40
18071,Indiana,Jackson,535,187,86,65,130,67,118,177,240,510,25
18073,Indiana,Jasper,495,156,73,69,115,82,117,128,250,471,24
18075,Indiana,Jay,398,184,57,50,70,37,71,108,219,375,23
18077,Indiana,Jefferson,628,283,85,68,115,77,110,198,320,587,41
18079,Indiana,Jennings,483,187,71,56,115,54,83,171,229,458,25
18081,Indiana,Johnson,"3,147",884,474,433,836,520,891,"1,072","1,184","2,849",298
18083,Indiana,Knox,626,199,82,90,152,103,123,182,321,588,38
18085,Indiana,Kosciusko,930,369,142,114,205,100,209,212,509,875,55
18087,Indiana,LaGrange,276,97,30,43,67,39,52,49,175,260,16
18089,Indiana,Lake,"5,401","1,248",753,649,"1,612","1,139","1,405","1,715","2,280","4,874",527
18091,Indiana,LaPorte,"1,384",379,192,173,377,263,368,362,654,"1,288",96
18093,Indiana,Lawrence,"1,127",388,177,149,257,156,271,402,454,"1,053",73
18095,Indiana,Madison,"2,439",895,332,332,568,312,546,718,"1,175","2,261",178
18097,Indiana,Marion,"12,515","3,826","1,902","1,767","3,116","1,904","3,238","4,306","4,970","10,959","1,554"
18099,Indiana,Marshall,666,252,97,97,136,84,133,188,345,618,48
18101,Indiana,Martin,243,75,37,23,56,52,48,90,105,219,24
18103,Indiana,Miami,"1,493",735,205,174,244,135,227,476,790,"1,374",119
18105,Indiana,Monroe,"1,712",531,244,274,422,241,516,541,655,"1,545",167
18107,Indiana,Montgomery,508,160,77,81,121,69,131,142,235,473,35
18109,Indiana,Morgan,"1,551",528,244,207,349,223,372,503,676,"1,446",105
18111,Indiana,Newton,207,52,32,23,54,46,51,68,88,196,11
18113,Indiana,Noble,772,274,122,118,155,103,165,179,428,730,42
18115,Indiana,Ohio,148,58,20,18,37,15,25,50,73,,
18117,Indiana,Orange,381,143,60,53,68,57,80,100,201,363,18
18119,Indiana,Owen,426,114,66,48,127,71,88,127,211,400,26
18121,Indiana,Parke,333,119,48,45,72,49,66,91,176,319,14
18123,Indiana,Perry,389,149,59,49,86,46,62,137,190,358,31
18125,Indiana,Pike,187,51,29,29,50,28,50,59,78,,
18127,Indiana,Porter,"2,300",597,291,296,655,461,711,687,902,"2,130",169
18129,Indiana,Posey,422,106,64,46,133,73,108,120,194,403,19
18131,Indiana,Pulaski,190,59,33,24,38,36,39,45,106,180,10
18133,Indiana,Putnam,684,227,99,89,161,108,156,209,319,636,48
18135,Indiana,Randolph,386,130,61,51,93,51,79,124,183,362,24
18137,Indiana,Ripley,567,239,70,74,110,74,99,140,328,540,27
18139,Indiana,Rush,224,62,41,30,59,32,51,80,93,203,21
18141,Indiana,St. Joseph,"3,422","1,288",511,432,690,501,860,862,"1,700","3,147",275
18143,Indiana,Scott,444,142,69,61,117,55,98,148,198,421,23
18145,Indiana,Shelby,755,228,111,100,202,114,197,239,319,693,62
18147,Indiana,Spencer,464,185,57,63,96,63,82,120,262,429,34
18149,Indiana,Starke,353,89,63,51,90,60,89,84,180,336,17
18151,Indiana,Steuben,631,203,96,104,132,96,137,166,328,600,31
18153,Indiana,Sullivan,363,120,40,62,87,54,82,107,174,347,16
18155,Indiana,Switzerland,175,62,32,19,40,22,33,44,98,162,13
18157,Indiana,Tippecanoe,"1,849",499,294,275,513,268,699,540,610,"1,671",177
18159,Indiana,Tipton,337,150,61,46,51,29,57,99,181,318,19
18161,Indiana,Union,102,29,15,12,28,18,18,30,54,,
18163,Indiana,Vanderburgh,"2,639",741,348,336,760,454,777,749,"1,113","2,408",231
18165,Indiana,Vermillion,273,69,38,40,79,47,60,95,118,254,19
18167,Indiana,Vigo,"1,718",518,252,234,456,258,444,566,708,"1,568",149
18169,Indiana,Wabash,683,286,114,92,106,85,85,159,439,658,25
18171,Indiana,Warren,131,34,23,20,30,24,43,43,45,121,10
18173,Indiana,Warrick,"1,157",296,166,163,325,207,318,343,496,"1,074",83
18175,Indiana,Washington,528,202,85,62,119,60,109,167,252,494,34
18177,Indiana,Wayne,"1,036",240,183,146,287,180,241,321,474,950,86
18179,Indiana,Wells,533,220,72,76,114,51,123,139,271,506,27
18181,Indiana,White,468,159,63,60,119,67,89,130,248,436,32
18183,Indiana,Whitley,643,263,94,82,134,70,153,175,315,606,37
19001,Iowa,Adair,143,44,21,17,39,22,30,33,80,,
19003,Iowa,Adams,58,19,,12,12,,10,14,34,,
19005,Iowa,Allamakee,197,43,27,32,51,44,45,46,106,179,18
19007,Iowa,Appanoose,234,75,44,32,47,36,33,73,128,220,14
19009,Iowa,Audubon,109,31,19,18,27,14,24,28,57,97,12
19011,Iowa,Benton,354,95,46,50,99,64,106,98,150,318,36
19013,Iowa,Black Hawk,"1,646",469,243,268,406,260,397,499,750,"1,499",147
19015,Iowa,Boone,584,201,92,80,131,80,130,180,274,545,39
19017,Iowa,Bremer,328,87,56,47,81,57,87,95,146,309,19
19019,Iowa,Buchanan,255,69,42,29,70,45,58,80,117,240,15
19021,Iowa,Buena Vista,212,64,43,37,38,30,38,43,131,200,12
19023,Iowa,Butler,201,59,36,27,49,30,43,41,117,185,16
19025,Iowa,Calhoun,160,66,14,23,34,23,25,42,93,,
19027,Iowa,Carroll,357,142,52,34,78,51,66,75,216,332,25
19029,Iowa,Cass,227,78,40,36,45,28,55,59,113,208,19
19031,Iowa,Cedar,287,85,43,34,71,54,80,90,117,262,25
19033,Iowa,Cerro Gordo,839,316,133,102,166,122,133,201,505,787,52
19035,Iowa,Cherokee,231,95,27,29,40,40,36,47,148,216,15
19037,Iowa,Chickasaw,162,47,29,23,44,19,27,45,90,152,10
19039,Iowa,Clarke,214,65,30,37,47,35,44,57,113,202,12
19041,Iowa,Clay,239,82,43,37,39,38,59,56,124,228,11
19043,Iowa,Clayton,293,81,43,46,66,57,54,69,170,272,21
19045,Iowa,Clinton,637,144,109,130,158,96,159,196,282,585,52
19047,Iowa,Crawford,232,95,40,34,37,26,34,39,159,220,11
19049,Iowa,Dallas,"1,505",425,203,212,373,292,464,439,602,"1,391",114
19053,Iowa,Decatur,141,43,24,21,22,31,20,29,92,127,14
19055,Iowa,Delaware,201,56,30,34,53,28,40,56,105,187,14
19057,Iowa,Des Moines,565,124,90,87,161,103,150,175,240,518,47
19059,Iowa,Dickinson,288,95,33,39,55,66,49,64,175,273,15
19061,Iowa,Dubuque,"1,241",332,173,203,338,195,318,333,590,"1,140",101
19063,Iowa,Emmet,187,71,21,20,40,35,38,39,110,,
19065,Iowa,Fayette,249,80,43,34,54,38,63,67,119,223,26
19067,Iowa,Floyd,287,90,46,40,79,32,51,81,155,270,17
19069,Iowa,Franklin,161,58,23,21,36,23,21,47,93,,
19071,Iowa,Fremont,178,61,26,32,28,31,33,43,102,168,10
19073,Iowa,Greene,166,46,22,35,37,26,24,46,96,,
19075,Iowa,Grundy,171,52,29,23,44,23,36,57,78,155,16
19077,Iowa,Guthrie,210,71,32,32,46,29,31,65,114,195,15
19079,Iowa,Hamilton,255,96,40,30,64,25,42,52,161,240,15
19081,Iowa,Hancock,195,72,32,31,40,20,35,31,129,,
19083,Iowa,Hardin,262,76,50,38,64,34,68,57,137,250,12
19085,Iowa,Harrison,387,137,45,58,96,51,76,105,206,366,21
19087,Iowa,Henry,268,57,50,45,74,42,59,85,124,249,19
19089,Iowa,Howard,164,65,33,21,28,17,23,40,101,150,14
19091,Iowa,Humboldt,173,69,23,25,36,20,42,44,87,162,11
19093,Iowa,Ida,107,29,17,17,25,19,21,23,63,,
19095,Iowa,Iowa,212,52,27,29,61,43,60,60,92,191,21
19097,Iowa,Jackson,355,89,52,64,85,65,73,110,172,334,21
19099,Iowa,Jasper,665,221,100,106,145,93,145,182,338,616,49
19101,Iowa,Jefferson,164,35,28,19,46,36,44,52,68,149,15
19103,Iowa,Johnson,"1,317",341,191,206,371,208,456,400,461,"1,175",142
19105,Iowa,Jones,300,77,40,39,79,65,77,77,146,282,18
19107,Iowa,Keokuk,123,26,16,21,33,27,22,35,66,110,13
19109,Iowa,Kossuth,258,86,38,36,64,34,39,69,150,240,18
19111,Iowa,Lee,502,129,87,70,134,82,142,141,219,471,31
19113,Iowa,Linn,"2,743",697,412,426,772,436,864,807,"1,072","2,468",275
19115,Iowa,Louisa,141,34,21,25,40,21,23,39,79,130,11
19117,Iowa,Lucas,160,49,21,24,45,21,47,45,68,,
19119,Iowa,Lyon,164,53,26,24,32,29,38,33,93,151,13
19121,Iowa,Madison,358,111,58,45,92,52,85,101,172,335,23
19123,Iowa,Mahaska,268,82,38,36,63,49,64,70,134,253,15
19125,Iowa,Marion,641,223,80,84,138,116,124,162,355,596,45
19127,Iowa,Marshall,591,220,98,68,115,90,110,162,319,559,32
19129,Iowa,Mills,538,130,83,82,155,88,122,199,217,481,57
19131,Iowa,Mitchell,154,53,26,21,35,19,35,32,87,,
19133,Iowa,Monona,190,64,37,32,35,22,35,40,115,179,11
19135,Iowa,Monroe,166,52,28,23,36,27,20,44,102,,
19137,Iowa,Montgomery,210,65,34,30,50,31,35,70,105,192,18
19139,Iowa,Muscatine,470,133,67,79,122,69,127,146,197,441,29
19141,Iowa,O'Brien,202,83,27,30,39,23,37,56,109,191,11
19143,Iowa,Osceola,80,20,18,,,19,13,19,48,,
19145,Iowa,Page,294,87,44,49,68,46,57,73,164,267,27
19147,Iowa,Palo Alto,158,56,29,16,35,22,19,35,104,,
19149,Iowa,Plymouth,347,116,48,64,68,51,89,79,179,321,26
19151,Iowa,Pocahontas,103,33,19,14,26,11,20,31,52,,
19153,Iowa,Polk,"7,286","2,263","1,141",999,"1,690","1,193","2,030","2,219","3,037","6,618",668
19155,Iowa,Pottawattamie,"2,138",730,307,336,476,289,457,614,"1,067","1,972",166
19157,Iowa,Poweshiek,239,76,31,34,63,35,36,64,139,224,15
19159,Iowa,Ringgold,100,36,18,11,16,19,10,21,69,,
19161,Iowa,Sac,187,75,31,31,31,19,21,36,130,176,11
19163,Iowa,Scott,"2,776",639,398,457,782,500,844,998,934,"2,467",309
19165,Iowa,Shelby,252,90,33,40,52,37,49,64,139,240,12
19167,Iowa,Sioux,315,95,57,49,70,44,57,55,203,295,20
19169,Iowa,Story,"1,057",341,179,159,233,145,343,249,465,971,86
19173,Iowa,Taylor,107,39,13,13,26,16,20,27,60,,
19175,Iowa,Union,217,72,40,31,45,29,39,58,120,207,10
19177,Iowa,Van Buren,109,31,10,20,32,16,16,40,53,,
19179,Iowa,Wapello,477,138,63,82,125,69,87,142,248,445,32
19181,Iowa,Warren,"1,162",383,172,173,264,170,306,346,510,"1,070",91
19183,Iowa,Washington,314,68,46,62,88,50,78,103,133,284,30
19185,Iowa,Wayne,103,34,19,,27,,21,29,53,,
19187,Iowa,Webster,693,284,98,99,126,86,109,174,410,661,32
19189,Iowa,Winnebago,174,66,38,24,29,17,27,46,101,,
19191,Iowa,Winneshiek,264,86,39,37,62,40,51,50,163,244,20
19193,Iowa,Woodbury,"1,429",501,227,191,312,198,304,379,746,"1,312",117
19195,Iowa,Worth,167,57,23,14,42,31,31,42,94,157,10
19197,Iowa,Wright,214,90,36,27,46,15,48,47,119,,
20001,Kansas,Allen,142,33,14,26,46,23,39,47,56,,
20003,Kansas,Anderson,103,30,10,17,24,22,22,30,51,,
20005,Kansas,Atchison,259,69,31,33,77,49,53,84,122,239,20
20007,Kansas,Barber,55,11,15,,13,,14,10,31,,
20009,Kansas,Barton,307,83,43,44,85,52,58,81,168,282,25
20011,Kansas,Bourbon,173,46,26,24,50,27,37,55,81,158,15
20013,Kansas,Brown,161,38,19,18,54,32,33,44,84,,
20015,Kansas,Butler,"1,274",300,192,175,348,259,394,446,434,"1,141",133
20017,Kansas,Chase,27,,,,,,,,15,,
20019,Kansas,Chautauqua,53,14,,,13,,,,28,,
20021,Kansas,Cherokee,284,71,42,40,82,49,74,78,132,263,21
20023,Kansas,Cheyenne,42,11,11,,12,,,,31,,
20025,Kansas,Clark,23,,,,,,,,12,,
20027,Kansas,Clay,340,42,41,46,128,83,89,150,101,304,36
20029,Kansas,Cloud,137,34,16,24,37,26,32,41,64,,
20031,Kansas,Coffey,136,43,20,12,37,24,42,38,56,124,12
20033,Kansas,Comanche,15,,,,,,,,,,
20035,Kansas,Cowley,515,133,64,69,151,98,147,147,221,486,29
20037,Kansas,Crawford,411,113,46,62,123,67,109,110,192,379,32
20039,Kansas,Decatur,34,,,,,,,,23,,
20041,Kansas,Dickinson,839,141,80,102,309,207,260,357,222,752,87
20043,Kansas,Doniphan,127,39,11,15,41,21,30,37,60,117,10
20045,Kansas,Douglas,"1,275",303,152,188,373,259,459,359,457,"1,134",141
20047,Kansas,Edwards,33,10,,,,,,,23,,
20049,Kansas,Elk,55,,,,16,15,10,14,31,,
20051,Kansas,Ellis,312,92,46,35,87,52,73,80,159,294,18
20053,Kansas,Ellsworth,102,20,16,11,29,26,23,36,43,,
20055,Kansas,Finney,213,59,37,37,40,40,72,52,88,197,16
20057,Kansas,Ford,212,59,37,23,61,32,68,56,88,193,19
20059,Kansas,Franklin,376,83,40,56,126,71,103,118,155,344,32
20061,Kansas,Geary,"2,955",355,286,409,"1,116",789,"1,244","1,183",528,"2,372",583
20063,Kansas,Gove,33,13,,,,,,,24,,
20065,Kansas,Graham,26,,,,10,,,,16,,
20067,Kansas,Grant,46,11,,,18,,15,11,20,,
20069,Kansas,Gray,60,13,13,,,17,,,41,,
20071,Kansas,Greeley,13,,,,,,,,,,
20073,Kansas,Greenwood,110,27,11,22,26,24,20,29,61,,
20075,Kansas,Hamilton,26,,,,,,,10,,,
20077,Kansas,Harper,55,14,,,19,,11,13,31,,
20079,Kansas,Harvey,407,103,55,56,105,88,123,120,164,372,35
20081,Kansas,Haskell,25,,,,,10,,,13,,
20083,Kansas,Hodgeman,23,,,,,,,,14,,
20085,Kansas,Jackson,299,72,42,34,92,59,68,81,150,275,24
20087,Kansas,Jefferson,424,66,47,64,143,104,97,130,197,380,44
20089,Kansas,Jewell,47,13,,,10,,,,26,,
20091,Kansas,Johnson,"6,315","1,560",921,885,"1,814","1,135","2,073","1,862","2,380","5,700",615
20093,Kansas,Kearny,30,,,,,,,,21,,
20095,Kansas,Kingman,107,29,12,21,27,18,36,30,41,,
20097,Kansas,Kiowa,30,,,,,,,,14,,
20099,Kansas,Labette,247,52,30,34,77,54,59,79,109,219,28
20103,Kansas,Leavenworth,"4,585",886,612,645,"1,329","1,113",965,"2,098","1,522","3,946",639
20105,Kansas,Lincoln,42,,,,18,,,,20,,
20107,Kansas,Linn,180,40,29,26,51,34,37,50,93,169,11
20109,Kansas,Logan,36,10,,,10,,,,20,,
20111,Kansas,Lyon,379,94,48,59,96,82,110,90,179,347,32
20113,Kansas,McPherson,347,89,42,53,96,67,98,97,152,319,28
20115,Kansas,Marion,138,40,17,15,36,30,27,44,67,,
20117,Kansas,Marshall,174,49,27,25,35,38,39,43,92,,
20119,Kansas,Meade,41,16,,,13,,,,18,,
20121,Kansas,Miami,498,124,61,66,154,93,152,138,207,455,43
20123,Kansas,Mitchell,82,29,,,22,13,25,11,46,,
20125,Kansas,Montgomery,525,148,69,68,145,95,122,158,245,494,31
20127,Kansas,Morris,168,33,18,19,58,40,43,54,71,148,20
20129,Kansas,Morton,22,,,,,,,,13,,
20131,Kansas,Nemaha,115,31,21,14,31,18,22,30,63,,
20133,Kansas,Neosho,174,39,25,28,55,27,42,42,90,161,13
20135,Kansas,Ness,45,16,,,,,,,31,,
20137,Kansas,Norton,71,22,14,,17,,16,23,32,,
20139,Kansas,Osage,367,70,45,60,106,86,74,132,161,333,34
20141,Kansas,Osborne,33,,,,15,,,,21,,
20143,Kansas,Ottawa,92,24,12,13,23,20,19,29,44,,
20145,Kansas,Pawnee,73,26,,,13,16,15,18,40,,
20147,Kansas,Phillips,94,32,,,22,17,19,17,58,,
20149,Kansas,Pottawatomie,775,119,102,100,256,198,252,316,207,676,99
20151,Kansas,Pratt,103,21,18,19,30,15,34,27,42,93,10
20153,Kansas,Rawlins,35,13,,,,,,,26,,
20155,Kansas,Reno,844,197,125,123,228,171,207,246,391,779,65
20157,Kansas,Republic,74,11,14,19,17,13,18,14,42,,
20159,Kansas,Rice,118,34,13,17,32,22,32,35,51,103,15
20161,Kansas,Riley,"2,218",344,232,328,813,501,"1,001",743,474,"1,824",394
20163,Kansas,Rooks,70,19,13,10,15,13,14,12,44,,
20165,Kansas,Rush,46,12,,,13,,,,23,,
20167,Kansas,Russell,120,20,26,19,34,21,20,33,67,,
20169,Kansas,Saline,803,214,125,114,216,134,201,244,358,755,48
20171,Kansas,Scott,52,15,,,10,14,,,33,,
20173,Kansas,Sedgwick,"8,701","2,090","1,174","1,242","2,469","1,726","2,822","2,899","2,980","7,688","1,012"
20175,Kansas,Seward,98,28,11,12,27,20,29,25,44,,
20177,Kansas,Shawnee,"3,535",693,425,446,"1,135",836,894,"1,202","1,439","3,119",415
20179,Kansas,Sheridan,32,10,,,11,,,,16,,
20181,Kansas,Sherman,89,33,15,11,20,10,17,22,50,,
20183,Kansas,Smith,70,21,,,20,11,,,45,,
20185,Kansas,Stafford,49,10,,11,12,,12,13,24,,
20187,Kansas,Stanton,,,,,,,,,,,
20189,Kansas,Stevens,39,14,,,,,,,18,,
20191,Kansas,Sumner,386,97,45,53,116,75,99,118,169,345,41
20193,Kansas,Thomas,97,42,12,13,20,10,14,27,56,,
20195,Kansas,Trego,45,10,11,,13,,,,25,,
20197,Kansas,Wabaunsee,154,30,16,21,46,41,39,48,67,141,13
20199,Kansas,Wallace,22,,,,,,,,13,,
20201,Kansas,Washington,72,23,,10,23,,13,20,39,,
20203,Kansas,Wichita,15,,,,,,,,13,,
20205,Kansas,Wilson,137,34,23,25,29,26,29,43,65,,
20207,Kansas,Woodson,40,,,,15,,,,27,,
20209,Kansas,Wyandotte,"1,824",423,217,257,554,373,430,588,806,"1,650",174
21001,Kentucky,Adair,303,74,33,43,90,63,60,91,152,283,20
21003,Kentucky,Allen,384,91,41,42,117,93,109,121,154,351,33
21005,Kentucky,Anderson,456,122,52,59,135,88,113,169,174,411,45
21007,Kentucky,Ballard,135,44,13,15,39,24,33,33,69,,
21009,Kentucky,Barren,686,125,85,89,220,167,176,225,285,633,53
21011,Kentucky,Bath,171,42,26,23,48,32,25,53,93,159,12
21013,Kentucky,Bell,348,71,35,46,98,98,82,84,182,332,16
21015,Kentucky,Boone,"2,139",565,340,316,574,344,676,645,818,"1,943",196
21017,Kentucky,Bourbon,303,75,52,35,86,55,75,98,130,278,25
21019,Kentucky,Boyd,977,264,112,112,271,218,189,328,460,922,55
21021,Kentucky,Boyle,429,115,66,60,118,70,97,154,178,389,40
21023,Kentucky,Bracken,135,35,22,19,34,25,23,45,67,,
21025,Kentucky,Breathitt,140,23,10,18,46,43,28,40,72,,
21027,Kentucky,Breckinridge,517,93,69,82,167,106,90,197,230,473,43
21029,Kentucky,Bullitt,"1,518",453,253,213,375,224,346,578,594,"1,395",123
21031,Kentucky,Butler,260,68,26,36,69,61,50,77,133,244,16
21033,Kentucky,Caldwell,235,43,27,27,76,62,59,71,105,223,12
21035,Kentucky,Calloway,609,117,67,86,199,140,171,183,255,559,50
21037,Kentucky,Campbell,"1,149",359,187,162,289,152,321,331,497,"1,057",92
21039,Kentucky,Carlisle,67,16,,,18,17,11,18,38,,
21041,Kentucky,Carroll,127,42,13,19,28,25,36,27,64,,
21043,Kentucky,Carter,413,101,52,40,121,99,73,132,208,395,18
21045,Kentucky,Casey,254,71,24,43,69,47,44,72,138,240,14
21047,Kentucky,Christian,"3,470",590,398,414,"1,233",835,"1,493","1,254",723,"2,861",609
21049,Kentucky,Clark,664,173,96,100,185,110,162,206,296,603,61
21051,Kentucky,Clay,210,34,37,28,68,43,43,79,88,195,15
21053,Kentucky,Clinton,150,31,25,22,38,34,22,37,91,,
21055,Kentucky,Crittenden,163,26,18,26,57,36,40,42,81,153,10
21057,Kentucky,Cumberland,114,25,13,16,35,25,16,38,60,,
21059,Kentucky,Daviess,"1,476",336,190,217,455,278,372,477,627,"1,382",94
21061,Kentucky,Edmonson,252,50,30,35,73,64,46,97,109,235,17
21063,Kentucky,Elliott,77,17,,,30,13,21,22,34,,
21065,Kentucky,Estill,223,41,29,28,73,52,59,76,88,207,16
21067,Kentucky,Fayette,"3,743",932,570,541,"1,035",665,"1,107","1,237","1,399","3,262",480
21069,Kentucky,Fleming,227,52,30,46,59,40,43,69,115,210,17
21071,Kentucky,Floyd,441,78,49,49,131,134,82,90,269,423,18
21073,Kentucky,Franklin,778,196,117,129,214,122,181,277,320,683,95
21075,Kentucky,Fulton,106,34,16,11,32,13,22,29,55,96,10
21077,Kentucky,Gallatin,131,44,21,26,26,14,24,48,59,,
21079,Kentucky,Garrard,338,78,48,41,104,67,73,128,137,309,29
21081,Kentucky,Grant,366,119,45,66,88,48,112,97,157,344,22
21083,Kentucky,Graves,578,138,81,88,151,120,143,181,254,525,53
21085,Kentucky,Grayson,492,94,67,69,149,113,93,184,215,446,46
21087,Kentucky,Green,188,53,27,31,50,27,40,61,87,176,12
21089,Kentucky,Greenup,717,187,85,117,185,143,123,213,381,686,31
21091,Kentucky,Hancock,150,44,20,19,35,32,32,54,64,,
21093,Kentucky,Hardin,"7,707","1,280",937,"1,052","2,321","2,117","1,513","3,896","2,298","6,502","1,204"
21095,Kentucky,Harlan,443,71,31,52,150,139,75,114,254,431,12
21097,Kentucky,Harrison,306,73,55,44,80,54,54,102,150,281,25
21099,Kentucky,Hart,306,66,40,47,86,67,71,106,129,282,24
21101,Kentucky,Henderson,598,152,77,86,171,112,143,187,268,549,49
21103,Kentucky,Henry,220,60,39,27,54,40,52,57,111,202,18
21105,Kentucky,Hickman,77,10,11,13,19,24,17,20,40,,
21107,Kentucky,Hopkins,830,167,97,109,266,191,187,269,374,773,57
21109,Kentucky,Jackson,161,25,21,32,43,40,44,46,71,149,12
21111,Kentucky,Jefferson,"10,159","3,063","1,630","1,480","2,404","1,582","2,331","3,626","4,202","8,983","1,176"
21113,Kentucky,Jessamine,755,174,109,113,203,156,205,251,299,690,65
21115,Kentucky,Johnson,377,87,40,32,118,100,64,99,214,,
21117,Kentucky,Kenton,"2,155",668,361,309,514,303,676,598,881,"1,978",177
21119,Kentucky,Knott,203,42,23,23,58,57,28,43,132,,
21121,Kentucky,Knox,453,97,52,59,160,85,106,137,210,429,24
21123,Kentucky,Larue,316,78,48,40,81,69,59,119,138,280,36
21125,Kentucky,Laurel,"1,075",246,154,132,298,245,257,312,506,"1,029",46
21127,Kentucky,Lawrence,270,60,27,35,70,78,58,73,139,257,13
21129,Kentucky,Lee,124,25,15,18,37,29,26,30,68,,
21131,Kentucky,Leslie,109,30,11,12,28,28,21,31,57,,
21133,Kentucky,Letcher,267,56,19,35,91,66,30,64,173,,
21135,Kentucky,Lewis,206,61,19,30,59,37,29,69,108,189,17
21137,Kentucky,Lincoln,414,73,53,74,136,78,86,148,180,388,26
21139,Kentucky,Livingston,150,34,17,23,38,38,29,53,68,131,19
21141,Kentucky,Logan,462,110,52,64,137,99,115,131,216,424,38
21143,Kentucky,Lyon,203,41,25,21,63,53,40,76,87,183,20
21145,Kentucky,McCracken,"1,124",283,163,151,298,229,288,326,510,"1,024",100
21147,Kentucky,McCreary,317,59,39,38,103,78,71,95,151,306,11
21149,Kentucky,McLean,109,25,,,30,36,25,27,57,,
21151,Kentucky,Madison,"1,911",404,274,297,548,388,630,658,623,"1,738",173
21153,Kentucky,Magoffin,103,28,17,11,25,22,17,22,64,,
21155,Kentucky,Marion,263,77,27,37,70,52,50,94,119,239,24
21157,Kentucky,Marshall,611,142,71,75,181,142,152,182,277,570,41
21159,Kentucky,Martin,89,16,,,27,26,12,18,59,,
21161,Kentucky,Mason,204,52,30,28,60,34,42,67,95,191,13
21163,Kentucky,Meade,"1,724",343,181,218,557,425,380,845,499,"1,495",229
21165,Kentucky,Menifee,100,21,13,12,34,20,20,39,41,,
21167,Kentucky,Mercer,382,88,54,45,113,82,100,143,139,341,41
21169,Kentucky,Metcalfe,124,36,15,12,34,27,28,33,63,111,13
21171,Kentucky,Monroe,138,25,19,13,45,36,29,43,66,,
21173,Kentucky,Montgomery,435,97,62,78,118,80,125,147,163,414,21
21175,Kentucky,Morgan,179,38,21,30,52,38,31,49,99,,
21177,Kentucky,Muhlenberg,438,80,50,57,141,110,88,135,215,410,28
21179,Kentucky,Nelson,832,210,127,130,216,149,193,265,374,767,65
21181,Kentucky,Nicholas,117,25,20,18,32,22,25,41,51,107,10
21183,Kentucky,Ohio,382,84,46,39,122,91,85,102,195,360,22
21185,Kentucky,Oldham,"1,106",303,161,182,261,199,301,416,389,999,107
21187,Kentucky,Owen,155,48,25,28,34,20,42,45,68,143,12
21189,Kentucky,Owsley,55,,,,15,23,,,27,,
21191,Kentucky,Pendleton,230,65,42,37,50,36,53,75,102,214,16
21193,Kentucky,Perry,430,99,57,39,132,103,52,128,250,414,16
21195,Kentucky,Pike,734,141,69,92,247,185,117,201,416,709,25
21197,Kentucky,Powell,237,49,29,23,82,54,65,69,103,224,13
21199,Kentucky,Pulaski,"1,367",279,175,203,430,280,296,438,633,"1,280",87
21201,Kentucky,Robertson,44,,,,13,,12,14,18,,
21203,Kentucky,Rockcastle,271,53,47,45,74,52,59,86,126,255,16
21205,Kentucky,Rowan,319,78,43,46,94,58,94,77,148,296,23
21207,Kentucky,Russell,293,75,44,39,72,63,52,78,163,277,16
21209,Kentucky,Scott,876,201,126,133,245,171,293,297,286,792,84
21211,Kentucky,Shelby,702,184,110,105,179,124,195,253,254,635,67
21213,Kentucky,Simpson,343,86,39,37,105,76,90,105,148,319,24
21215,Kentucky,Spencer,371,102,59,44,99,67,90,147,134,338,33
21217,Kentucky,Taylor,360,90,37,54,104,75,66,127,167,338,22
21219,Kentucky,Todd,284,50,29,39,83,83,90,98,96,262,22
21221,Kentucky,Trigg,571,107,54,70,176,164,124,258,189,509,62
21223,Kentucky,Trimble,155,38,26,27,44,20,39,38,78,143,12
21225,Kentucky,Union,202,48,24,26,58,46,48,42,112,191,11
21227,Kentucky,Warren,"1,918",459,211,214,611,423,533,625,760,"1,763",154
21229,Kentucky,Washington,158,41,15,26,47,29,31,54,73,143,15
21231,Kentucky,Wayne,333,72,42,39,100,80,64,95,174,317,15
21233,Kentucky,Webster,161,44,20,16,51,30,23,40,98,,
21235,Kentucky,Whitley,583,96,69,78,198,142,130,162,291,557,26
21237,Kentucky,Wolfe,91,11,14,10,33,23,28,23,40,,
21239,Kentucky,Woodford,370,90,59,55,102,64,100,126,144,330,40
22001,Louisiana,Acadia,775,198,98,112,225,142,199,227,349,719,56
22003,Louisiana,Allen,366,82,28,47,120,89,77,96,193,343,23
22005,Louisiana,Ascension,"1,853",402,191,263,561,436,573,668,612,"1,624",229
22007,Louisiana,Assumption,238,53,26,29,80,50,29,75,134,215,23
22009,Louisiana,Avoyelles,745,129,77,104,256,179,135,286,324,693,52
22011,Louisiana,Beauregard,"1,376",177,108,153,480,458,388,537,451,"1,190",186
22013,Louisiana,Bienville,253,43,34,36,80,60,41,98,114,213,40
22015,Louisiana,Bossier,"5,380",952,610,756,"1,702","1,360","1,399","2,399","1,582","4,515",865
22017,Louisiana,Caddo,"5,018","1,005",569,736,"1,601","1,107","1,187","1,884","1,947","4,239",779
22019,Louisiana,Calcasieu,"3,075",691,344,396,"1,009",635,896,934,"1,245","2,777",298
22021,Louisiana,Caldwell,143,29,24,17,47,26,24,41,78,132,11
22023,Louisiana,Cameron,58,13,,,19,12,16,15,27,,
22025,Louisiana,Catahoula,110,16,16,18,35,25,16,41,53,,
22027,Louisiana,Claiborne,247,54,33,34,73,53,40,69,137,227,20
22029,Louisiana,Concordia,279,45,36,41,96,61,57,89,133,261,18
22031,Louisiana,De Soto,492,92,49,66,163,122,121,164,207,442,50
22033,Louisiana,East Baton Rouge,"5,683","1,393",643,683,"1,713","1,251","1,548","1,787","2,348","4,901",782
22035,Louisiana,East Carroll,54,12,,,13,12,,,30,,
22037,Louisiana,East Feliciana,323,79,27,35,108,74,57,88,178,291,32
22039,Louisiana,Evangeline,433,100,48,59,136,90,103,135,195,386,47
22041,Louisiana,Franklin,230,46,20,37,77,50,45,59,126,214,16
22043,Louisiana,Grant,524,90,50,64,204,116,122,155,247,470,54
22045,Louisiana,Iberia,941,221,107,120,308,185,200,287,454,829,112
22047,Louisiana,Iberville,377,82,48,60,110,77,69,114,194,343,34
22049,Louisiana,Jackson,237,40,32,30,77,58,45,82,110,216,21
22051,Louisiana,Jefferson,"5,274","1,230",657,726,"1,607","1,054","1,175","1,834","2,265","4,581",693
22053,Louisiana,Jefferson Davis,446,96,50,53,137,110,114,139,193,410,36
22055,Louisiana,Lafayette,"3,881",892,445,515,"1,178",851,"1,303","1,248","1,330","3,360",521
22057,Louisiana,Lafourche,894,170,121,115,292,196,257,233,404,806,88
22059,Louisiana,LaSalle,200,30,17,33,61,59,46,58,96,186,14
22061,Louisiana,Lincoln,529,95,70,71,179,114,151,163,215,465,64
22063,Louisiana,Livingston,"2,006",467,224,304,623,388,713,597,696,"1,802",204
22065,Louisiana,Madison,125,29,17,20,35,24,14,38,73,,
22067,Louisiana,Morehouse,429,91,49,60,151,78,81,142,206,394,35
22069,Louisiana,Natchitoches,630,124,70,83,214,139,119,211,300,576,54
22071,Louisiana,Orleans,"4,926","1,061",610,677,"1,532","1,046","1,158","1,771","1,997","4,194",732
22073,Louisiana,Ouachita,"2,459",406,271,324,809,649,686,787,986,"2,189",270
22075,Louisiana,Plaquemines,505,108,63,53,157,124,156,243,106,411,94
22077,Louisiana,Pointe Coupee,315,91,39,36,93,56,57,76,182,300,15
22079,Louisiana,Rapides,"3,670",628,356,464,"1,257",965,864,"1,335","1,471","3,225",444
22081,Louisiana,Red River,93,18,,,39,25,18,35,40,,
22083,Louisiana,Richland,261,44,29,39,94,55,68,89,104,228,33
22085,Louisiana,Sabine,473,98,59,57,146,113,82,126,265,440,33
22087,Louisiana,St. Bernard,516,126,66,74,159,91,161,170,185,442,74
22089,Louisiana,St. Charles,733,186,97,106,204,140,167,257,309,648,85
22091,Louisiana,St. Helena,155,24,25,14,59,33,32,49,74,138,17
22093,Louisiana,St. James,255,49,29,41,86,50,23,79,153,230,25
22095,Louisiana,St. John the Baptist,696,146,71,86,233,160,118,245,333,605,91
22097,Louisiana,St. Landry,"1,399",352,169,189,386,303,281,485,633,"1,263",136
22099,Louisiana,St. Martin,826,192,92,104,238,200,205,262,359,756,70
22101,Louisiana,St. Mary,643,189,77,80,188,109,121,187,335,584,58
22103,Louisiana,St. Tammany,"6,105","1,395",689,781,"1,880","1,360","1,592","2,300","2,213","5,349",756
22105,Louisiana,Tangipahoa,"2,105",467,222,251,655,510,583,676,846,"1,855",250
22107,Louisiana,Tensas,52,12,,,15,,13,12,27,,
22109,Louisiana,Terrebonne,"1,198",263,161,161,375,238,378,347,473,"1,072",126
22111,Louisiana,Union,382,77,46,51,118,90,62,101,219,355,27
22113,Louisiana,Vermilion,782,191,93,102,245,151,243,234,305,729,53
22115,Louisiana,Vernon,"3,271",439,298,366,"1,015","1,153","1,130","1,304",837,"2,736",535
22117,Louisiana,Washington,790,153,85,112,271,169,175,230,385,709,81
22119,Louisiana,Webster,697,125,82,93,228,169,156,238,303,616,81
22121,Louisiana,West Baton Rouge,382,80,47,56,107,92,104,113,165,350,32
22123,Louisiana,West Carroll,130,29,16,20,43,22,26,35,69,,
22125,Louisiana,West Feliciana,147,43,22,17,42,23,36,39,72,,
22127,Louisiana,Winn,227,47,23,33,80,44,40,76,111,210,17
23001,Maine,Androscoggin,"2,603",636,371,349,755,492,616,844,"1,143","2,375",228
23003,Maine,Aroostook,"2,058",428,253,231,698,448,380,669,"1,009","1,889",169
23005,Maine,Cumberland,"4,672","1,088",668,587,"1,463",866,"1,119","1,464","2,089","4,210",462
23007,Maine,Franklin,710,162,76,86,230,156,173,204,333,637,73
23009,Maine,Hancock,"1,156",261,154,155,358,228,230,371,555,"1,054",102
23011,Maine,Kennebec,"3,980",853,434,508,"1,272",913,931,"1,374","1,675","3,529",451
23013,Maine,Knox,850,220,106,114,271,139,157,236,457,779,71
23015,Maine,Lincoln,948,226,121,107,313,181,180,252,516,853,95
23017,Maine,Oxford,"1,309",310,162,170,391,276,290,403,616,"1,214",95
23019,Maine,Penobscot,"3,886",802,441,477,"1,246",920,889,"1,324","1,673","3,505",380
23021,Maine,Piscataquis,553,117,58,64,186,128,97,172,284,504,49
23023,Maine,Sagadahoc,"1,169",290,147,166,361,205,215,434,519,"1,056",113
23025,Maine,Somerset,"1,487",341,172,158,473,343,302,483,702,"1,371",116
23027,Maine,Waldo,994,191,122,132,302,247,211,309,474,901,93
23029,Maine,Washington,"1,041",224,120,114,326,257,182,341,518,936,105
23031,Maine,York,"4,345","1,007",606,588,"1,333",811,"1,108","1,361","1,876","3,913",430
24001,Maryland,Allegany,977,234,153,149,232,209,209,294,474,918,58
24003,Maryland,Anne Arundel,"16,933","2,979","2,171","2,335","5,108","4,340","5,716","7,408","3,809","13,185","3,747"
24005,Maryland,Baltimore,"8,936","1,972","1,198","1,225","2,497","2,044","2,472","3,260","3,204","7,527","1,407"
24009,Maryland,Calvert,"2,934",555,374,413,897,695,953,"1,408",573,"2,448",485
24011,Maryland,Caroline,424,106,49,61,124,84,130,121,173,366,58
24013,Maryland,Carroll,"2,494",554,360,362,718,500,826,865,803,"2,194",300
24015,Maryland,Cecil,"2,129",426,259,253,633,558,567,829,733,"1,858",271
24017,Maryland,Charles,"7,608","1,106",846,952,"2,275","2,429","1,962","4,142","1,504","5,600","2,008"
24019,Maryland,Dorchester,476,90,71,59,140,116,98,144,234,428,48
24021,Maryland,Frederick,"5,062","1,016",637,726,"1,509","1,174","1,780","1,966","1,316","4,241",821
24023,Maryland,Garrett,425,88,62,52,111,112,76,113,236,402,22
24025,Maryland,Harford,"5,950","1,066",722,801,"1,749","1,612","1,538","2,595","1,817","5,013",936
24027,Maryland,Howard,"4,814",923,683,721,"1,417","1,070","1,733","2,027","1,053","3,744","1,070"
24029,Maryland,Kent,238,55,42,33,51,57,49,73,116,216,22
24031,Maryland,Montgomery,"9,296","1,913","1,341","1,239","2,683","2,120","3,076","3,538","2,682","7,356","1,939"
24033,Maryland,Prince George's,"20,373","3,371","2,234","2,436","6,025","6,307","4,781","9,075","6,517","15,577","4,796"
24035,Maryland,Queen Anne's,836,176,123,129,231,177,248,325,263,740,96
24037,Maryland,St. Mary's,"5,347","1,052",751,833,"1,629","1,082","1,744","2,653",950,"4,566",781
24039,Maryland,Somerset,356,61,45,45,125,80,77,105,174,330,26
24041,Maryland,Talbot,512,120,66,72,155,99,105,141,266,466,46
24043,Maryland,Washington,"2,420",556,339,360,657,508,717,852,851,"2,117",303
24045,Maryland,Wicomico,"1,392",282,156,208,426,320,362,465,565,"1,210",182
24047,Maryland,Worcester,802,182,114,101,237,168,185,248,369,716,86
24510,Maryland,Baltimore City,"6,030","1,349",806,859,"1,666","1,350","1,731","2,073","2,226","4,967","1,062"
25001,Massachusetts,Barnstable,"3,911","1,371",520,518,871,631,539,859,"2,513","3,653",257
25003,Massachusetts,Berkshire,"1,425",431,198,162,349,285,268,357,800,"1,328",97
25005,Massachusetts,Bristol,"7,111","2,030",940,"1,003","1,910","1,228","1,799","1,889","3,422","6,579",532
25007,Massachusetts,Dukes,140,45,13,17,36,29,26,34,80,130,10
25009,Massachusetts,Essex,"7,109","2,130","1,038",949,"1,819","1,173","1,906","1,607","3,596","6,627",480
25011,Massachusetts,Franklin,"1,105",340,125,127,299,214,218,271,616,"1,014",91
25013,Massachusetts,Hampden,"6,211","1,759",794,705,"1,741","1,212","1,564","1,755","2,892","5,642",567
25015,Massachusetts,Hampshire,"2,015",543,255,238,524,455,448,559,"1,008","1,819",196
25017,Massachusetts,Middlesex,"12,463","3,650","1,780","1,587","3,224","2,222","3,665","2,898","5,900","11,427","1,034"
25019,Massachusetts,Nantucket,39,19,,,,,,,20,,
25021,Massachusetts,Norfolk,"6,755","1,923",868,800,"1,781","1,383","1,834","1,588","3,333","6,309",446
25023,Massachusetts,Plymouth,"8,276","2,422",917,985,"2,185","1,767","2,062","2,006","4,208","7,688",588
25025,Massachusetts,Suffolk,"5,245","1,286",613,623,"1,573","1,150","2,362","1,179","1,703","4,777",467
25027,Massachusetts,Worcester,"9,950","2,767","1,362","1,264","2,757","1,800","2,798","2,648","4,503","9,140",809
26001,Michigan,Alcona,347,95,55,43,91,63,48,77,222,324,23
26003,Michigan,Alger,267,82,32,33,67,53,34,85,148,253,14
26005,Michigan,Allegan,"1,234",280,166,172,357,259,396,315,523,"1,138",96
26007,Michigan,Alpena,646,177,93,85,182,109,128,175,343,598,48
26009,Michigan,Antrim,492,132,63,54,153,90,90,136,266,450,42
26011,Michigan,Arenac,331,93,40,33,96,69,47,94,190,314,17
26013,Michigan,Baraga,281,59,39,36,81,66,56,90,135,264,17
26015,Michigan,Barry,930,195,114,132,262,227,279,265,386,853,77
26017,Michigan,Bay,"1,954",585,261,234,511,363,388,553,"1,013","1,805",149
26019,Michigan,Benzie,424,126,61,57,110,70,65,125,234,390,34
26021,Michigan,Berrien,"1,861",453,223,253,518,414,465,503,893,"1,701",160
26023,Michigan,Branch,603,117,59,78,213,136,144,163,296,544,58
26025,Michigan,Calhoun,"2,486",464,307,300,833,582,650,852,984,"2,201",285
26027,Michigan,Cass,740,166,103,103,203,165,167,188,385,687,53
26029,Michigan,Charlevoix,451,149,53,60,117,72,85,115,251,421,30
26031,Michigan,Cheboygan,637,161,79,78,187,132,100,163,374,592,45
26033,Michigan,Chippewa,"1,019",273,130,146,305,165,208,310,500,932,87
26035,Michigan,Clare,783,228,98,94,210,153,140,198,445,721,62
26037,Michigan,Clinton,934,214,139,125,272,184,279,257,398,847,87
26039,Michigan,Crawford,477,141,53,58,146,79,87,165,225,438,39
26041,Michigan,Delta,"1,298",355,157,167,353,266,222,373,703,"1,201",96
26043,Michigan,Dickinson,977,244,107,127,306,193,241,294,442,889,88
26045,Michigan,Eaton,"1,620",311,207,254,503,345,486,471,663,"1,457",163
26047,Michigan,Emmet,573,177,82,64,152,98,107,157,309,531,42
26049,Michigan,Genesee,"5,443","1,494",789,657,"1,517",986,"1,298","1,511","2,633","5,004",436
26051,Michigan,Gladwin,609,142,76,76,192,123,110,150,349,576,33
26053,Michigan,Gogebic,380,106,42,41,111,80,69,113,198,355,25
26055,Michigan,Grand Traverse,"1,547",460,224,194,403,266,383,415,749,"1,439",108
26057,Michigan,Gratiot,696,216,95,81,179,125,139,157,400,654,41
26059,Michigan,Hillsdale,723,186,97,104,207,129,165,196,362,668,55
26061,Michigan,Houghton,"1,047",372,141,108,235,191,145,269,633,991,56
26063,Michigan,Huron,550,178,66,68,142,96,71,130,349,528,22
26065,Michigan,Ingham,"2,647",567,383,347,818,532,864,775,"1,008","2,341",306
26067,Michigan,Ionia,794,152,103,126,225,188,274,190,330,717,77
26069,Michigan,Iosco,789,245,111,101,200,132,146,214,429,736,53
26071,Michigan,Iron,436,114,52,55,124,91,61,124,251,399,37
26073,Michigan,Isabella,845,200,106,120,253,166,252,201,392,782,63
26075,Michigan,Jackson,"2,181",607,296,294,607,377,555,650,976,"2,008",173
26077,Michigan,Kalamazoo,"2,691",544,352,381,805,609,929,705,"1,057","2,382",309
26079,Michigan,Kalkaska,396,116,40,56,112,72,77,92,227,373,23
26081,Michigan,Kent,"5,684","1,180",729,782,"1,769","1,224","1,953","1,357","2,374","5,134",549
26083,Michigan,Keweenaw,123,52,16,15,24,16,15,24,84,,
26085,Michigan,Lake,289,66,32,39,93,59,43,75,171,271,18
26087,Michigan,Lapeer,"1,539",438,229,190,397,285,358,408,773,"1,435",104
26089,Michigan,Leelanau,371,136,51,55,67,62,49,79,243,339,32
26091,Michigan,Lenawee,"1,560",385,261,230,419,265,406,417,737,"1,435",125
26093,Michigan,Livingston,"2,869",806,402,356,733,572,805,661,"1,403","2,683",186
26095,Michigan,Luce,156,48,14,24,47,23,29,46,81,146,10
26097,Michigan,Mackinac,310,71,45,36,96,62,53,98,159,289,21
26099,Michigan,Macomb,"9,897","2,635","1,414","1,359","2,620","1,869","2,358","2,867","4,672","9,007",888
26101,Michigan,Manistee,528,133,73,59,157,106,91,142,295,492,36
26103,Michigan,Marquette,"2,070",565,305,246,565,389,418,603,"1,049","1,917",153
26105,Michigan,Mason,520,123,68,71,146,112,103,141,276,477,43
26107,Michigan,Mecosta,713,170,88,107,203,145,185,181,347,664,49
26109,Michigan,Menominee,578,142,72,93,159,112,108,173,297,532,46
26111,Michigan,Midland,"1,614",530,200,208,416,260,403,430,781,"1,492",122
26113,Michigan,Missaukee,266,75,27,36,72,56,65,66,135,247,19
26115,Michigan,Monroe,"2,261",641,328,306,594,392,585,589,"1,087","2,101",159
26117,Michigan,Montcalm,"1,010",214,124,140,294,238,290,273,447,922,88
26119,Michigan,Montmorency,348,92,46,41,120,49,49,81,218,325,23
26121,Michigan,Muskegon,"2,608",550,331,346,783,598,654,765,"1,189","2,347",261
26123,Michigan,Newaygo,927,186,119,121,295,206,232,223,472,859,68
26125,Michigan,Oakland,"10,514","2,943","1,554","1,402","2,677","1,938","2,710","2,740","5,063","9,586",926
26127,Michigan,Oceana,488,74,57,61,162,134,115,128,245,443,45
26129,Michigan,Ogemaw,520,139,64,57,144,116,110,149,261,490,30
26131,Michigan,Ontonagon,319,108,35,34,86,56,31,88,200,300,19
26133,Michigan,Osceola,484,139,64,70,109,102,89,119,276,452,32
26135,Michigan,Oscoda,236,50,30,27,76,53,35,76,125,224,12
26137,Michigan,Otsego,622,166,90,85,178,103,139,191,292,581,41
26139,Michigan,Ottawa,"2,659",586,367,361,780,565,960,624,"1,075","2,444",215
26141,Michigan,Presque Isle,387,134,54,48,91,60,47,95,245,365,22
26143,Michigan,Roscommon,684,209,76,89,184,126,94,170,420,645,39
26145,Michigan,Saginaw,"3,031",817,425,368,841,580,552,947,"1,532","2,743",287
26147,Michigan,St. Clair,"3,092","1,001",430,423,719,519,729,800,"1,563","2,868",223
26149,Michigan,St. Joseph,696,146,93,95,209,153,196,164,336,638,57
26151,Michigan,Sanilac,657,197,86,91,161,122,127,164,366,622,35
26153,Michigan,Schoolcraft,285,60,31,38,90,66,39,95,151,261,24
26155,Michigan,Shiawassee,"1,193",374,152,134,319,214,264,313,616,"1,109",84
26157,Michigan,Tuscola,"1,189",375,133,168,325,188,205,328,656,"1,112",77
26159,Michigan,Van Buren,"1,012",194,119,144,311,244,258,291,463,918,94
26161,Michigan,Washtenaw,"3,071",825,488,392,806,560,939,853,"1,279","2,738",331
26163,Michigan,Wayne,"15,987","4,544","2,248","2,118","4,229","2,848","3,642","4,741","7,602","14,409","1,575"
26165,Michigan,Wexford,685,166,91,100,189,139,172,191,322,626,59
27001,Minnesota,Aitkin,665,317,86,67,108,87,55,133,477,634,31
27003,Minnesota,Anoka,"6,622","3,022",966,705,"1,175",754,"1,481","1,547","3,594","6,161",461
27005,Minnesota,Becker,806,281,119,81,166,159,119,198,489,757,49
27007,Minnesota,Beltrami,"1,023",336,115,124,279,169,214,244,565,942,81
27009,Minnesota,Benton,"1,195",585,145,122,178,165,250,277,668,"1,115",80
27011,Minnesota,Big Stone,223,115,21,33,31,23,19,46,158,,
27013,Minnesota,Blue Earth,"1,275",561,184,139,236,155,304,268,703,"1,190",85
27015,Minnesota,Brown,609,301,85,64,96,63,95,110,404,576,33
27017,Minnesota,Carlton,"1,081",471,134,103,234,139,183,321,576,"1,004",77
27019,Minnesota,Carver,"1,476",711,225,169,222,149,277,332,867,"1,402",74
27021,Minnesota,Cass,"1,128",457,145,133,225,168,126,250,752,"1,068",60
27023,Minnesota,Chippewa,291,132,46,30,47,36,40,55,196,,
27025,Minnesota,Chisago,"1,345",584,185,160,242,174,298,318,729,"1,263",81
27027,Minnesota,Clay,"1,239",381,128,159,343,228,285,344,610,"1,113",126
27029,Minnesota,Clearwater,246,76,39,33,67,31,41,48,157,233,13
27031,Minnesota,Cook,111,52,,15,26,,,,80,,
27033,Minnesota,Cottonwood,240,111,39,20,44,26,38,34,168,,
27035,Minnesota,Crow Wing,"2,242",971,297,237,432,305,351,491,"1,400","2,126",116
27037,Minnesota,Dakota,"7,690","3,141","1,185",987,"1,396",981,"1,801","2,047","3,842","7,031",657
27039,Minnesota,Dodge,390,158,49,49,85,49,99,90,201,357,33
27041,Minnesota,Douglas,969,449,135,119,154,112,146,191,632,917,52
27043,Minnesota,Faribault,341,151,52,25,68,45,56,85,200,319,21
27045,Minnesota,Fillmore,483,212,71,63,85,52,92,89,302,455,28
27047,Minnesota,Freeborn,772,380,105,83,131,73,87,153,532,737,35
27049,Minnesota,Goodhue,"1,036",454,165,125,169,123,205,255,576,956,80
27051,Minnesota,Grant,134,43,23,20,35,13,29,21,84,,
27053,Minnesota,Hennepin,"12,303","5,305","1,779","1,441","2,250","1,528","2,886","2,783","6,632","11,272","1,030"
27055,Minnesota,Houston,420,178,59,54,72,57,65,95,260,398,22
27057,Minnesota,Hubbard,736,272,84,75,173,132,96,173,467,680,56
27059,Minnesota,Isanti,"1,177",552,142,118,218,147,229,275,673,"1,100",77
27061,Minnesota,Itasca,"1,662",677,184,189,308,304,175,387,"1,098","1,588",73
30071,Montana,Phillips,82,25,,,20,19,16,23,43,,
27063,Minnesota,Jackson,162,56,15,31,30,30,32,44,86,147,15
27065,Minnesota,Kanabec,532,234,69,49,112,68,63,124,345,502,30
27067,Minnesota,Kandiyohi,881,453,103,91,126,108,117,151,613,846,35
27069,Minnesota,Kittson,69,21,,,17,11,11,14,44,,
27071,Minnesota,Koochiching,417,169,50,48,80,70,50,92,275,396,20
27073,Minnesota,Lac qui Parle,254,132,42,29,32,19,43,43,168,,
27075,Minnesota,Lake,326,128,38,39,72,49,35,57,234,313,13
27077,Minnesota,Lake of the Woods,100,36,12,13,26,13,15,23,62,,
27079,Minnesota,Le Sueur,673,302,110,68,111,82,128,151,394,622,51
27081,Minnesota,Lincoln,107,51,10,13,21,12,16,19,72,,
27083,Minnesota,Lyon,454,223,48,55,65,63,87,83,284,431,23
27085,Minnesota,McLeod,777,371,124,83,109,90,130,157,490,737,40
27087,Minnesota,Mahnomen,97,23,14,20,23,17,12,11,74,,
27089,Minnesota,Marshall,246,84,24,26,64,48,25,49,172,236,10
27091,Minnesota,Martin,467,225,52,60,78,52,70,97,300,446,21
27093,Minnesota,Meeker,744,398,104,75,101,66,103,156,485,709,35
27095,Minnesota,Mille Lacs,997,492,116,104,171,114,136,229,632,942,55
27097,Minnesota,Morrison,"1,394",609,173,160,257,195,216,349,829,"1,286",108
27099,Minnesota,Mower,761,353,107,80,135,86,121,152,488,716,45
27101,Minnesota,Murray,193,78,33,28,31,23,27,28,138,,
27103,Minnesota,Nicollet,766,390,102,79,116,79,143,154,469,729,37
27105,Minnesota,Nobles,270,94,49,43,43,41,42,51,177,250,20
27107,Minnesota,Norman,140,45,23,17,32,23,22,42,76,,
27109,Minnesota,Olmsted,"2,557","1,075",385,310,500,287,661,585,"1,311","2,359",198
27111,Minnesota,Otter Tail,"1,473",493,182,195,343,260,196,328,949,"1,373",100
27113,Minnesota,Pennington,258,90,25,39,76,28,55,57,146,248,10
27115,Minnesota,Pine,892,360,121,98,168,145,135,212,545,833,59
27117,Minnesota,Pipestone,127,54,24,16,21,12,24,29,74,,
27119,Minnesota,Polk,692,204,95,102,151,140,129,177,386,640,52
27121,Minnesota,Pope,312,154,43,35,47,33,36,53,223,295,17
27123,Minnesota,Ramsey,"5,406","2,271",809,683,982,661,"1,230","1,147","3,029","4,969",434
27125,Minnesota,Red Lake,86,28,,,24,15,16,19,51,,
27127,Minnesota,Redwood,343,169,27,35,67,45,53,64,226,329,14
27129,Minnesota,Renville,382,175,46,45,75,41,50,79,253,367,15
27131,Minnesota,Rice,"1,016",473,154,103,171,115,176,244,596,943,73
27133,Minnesota,Rock,150,44,20,27,42,17,36,37,77,138,12
27135,Minnesota,Roseau,263,99,40,36,51,37,41,66,156,251,12
27137,Minnesota,St. Louis,"5,359","2,277",713,601,"1,029",739,906,"1,416","3,037","5,007",350
27139,Minnesota,Scott,"2,321","1,011",350,261,429,270,583,609,"1,129","2,134",187
27141,Minnesota,Sherburne,"2,718","1,324",363,276,461,294,639,686,"1,393","2,553",165
27143,Minnesota,Sibley,377,191,50,41,61,34,65,71,241,357,20
27145,Minnesota,Stearns,"4,634","2,159",584,466,824,601,807,"1,051","2,776","4,321",311
27147,Minnesota,Steele,700,285,132,93,128,62,168,168,364,658,42
27149,Minnesota,Stevens,150,68,27,11,27,17,23,29,98,,
27151,Minnesota,Swift,248,109,34,32,47,26,30,61,157,232,16
27153,Minnesota,Todd,801,337,100,84,168,112,90,143,568,761,40
27155,Minnesota,Traverse,103,44,,,18,20,10,23,70,,
27157,Minnesota,Wabasha,614,284,65,82,108,75,98,120,396,572,42
27159,Minnesota,Wadena,485,225,60,58,86,56,66,102,317,458,27
27161,Minnesota,Waseca,494,261,76,58,61,38,76,117,301,474,20
27163,Minnesota,Washington,"4,161","1,654",633,484,859,531,969,"1,072","2,120","3,837",324
27165,Minnesota,Watonwan,266,146,34,24,34,28,42,50,174,251,15
27167,Minnesota,Wilkin,110,45,21,14,19,11,21,28,61,,
27169,Minnesota,Winona,790,290,114,95,165,126,161,165,464,738,52
27171,Minnesota,Wright,"2,740","1,162",403,355,491,329,684,612,"1,444","2,575",165
27173,Minnesota,Yellow Medicine,236,113,18,27,52,26,41,56,139,225,11
28001,Mississippi,Adams,485,86,60,52,167,120,72,151,262,421,64
31085,Nebraska,Hayes,13,,,,,,,,10,,
28003,Mississippi,Alcorn,510,123,64,58,161,104,114,142,254,472,38
28005,Mississippi,Amite,194,46,25,26,53,44,34,69,91,173,21
28007,Mississippi,Attala,255,57,20,38,82,58,38,94,123,238,17
28009,Mississippi,Benton,80,19,,,29,14,19,18,43,,
28011,Mississippi,Bolivar,339,61,32,39,120,87,57,132,150,310,29
28013,Mississippi,Calhoun,214,43,20,22,78,51,49,70,95,194,20
28015,Mississippi,Carroll,165,28,20,26,52,39,34,50,81,154,11
28017,Mississippi,Chickasaw,215,52,14,35,64,50,46,78,91,189,26
28019,Mississippi,Choctaw,134,32,10,15,42,35,34,50,50,123,11
28021,Mississippi,Claiborne,105,11,11,18,35,30,20,41,44,93,12
28023,Mississippi,Clarke,283,54,36,33,88,72,56,87,140,261,22
28025,Mississippi,Clay,303,58,35,29,89,92,55,115,133,264,39
28027,Mississippi,Coahoma,265,53,32,35,81,64,39,97,129,229,36
28029,Mississippi,Copiah,438,97,58,63,114,106,68,163,207,396,42
28031,Mississippi,Covington,311,76,37,37,92,69,63,95,153,263,48
28033,Mississippi,DeSoto,"3,792",726,446,491,"1,191",938,"1,160","1,493","1,139","3,268",524
28035,Mississippi,Forrest,"1,535",297,181,205,467,385,347,614,574,"1,349",186
28037,Mississippi,Franklin,118,29,14,12,31,32,16,50,52,103,15
28039,Mississippi,George,456,107,66,61,128,94,86,162,208,425,31
28041,Mississippi,Greene,180,44,23,28,52,33,27,66,87,,
28043,Mississippi,Grenada,368,77,30,44,116,101,74,147,147,323,45
28045,Mississippi,Hancock,"1,157",277,159,164,319,238,240,413,504,"1,044",113
28047,Mississippi,Harrison,"9,198","1,823","1,123","1,289","2,716","2,247","2,071","3,863","3,264","7,562","1,636"
28049,Mississippi,Hinds,"3,679",772,418,468,"1,138",883,675,"1,531","1,473","3,088",591
28051,Mississippi,Holmes,186,36,27,16,64,43,27,72,87,170,16
28053,Mississippi,Humphreys,90,17,13,12,28,20,26,31,33,76,14
28055,Mississippi,Issaquena,12,,,,,,,,,,
28057,Mississippi,Itawamba,299,57,29,33,98,82,87,94,118,280,19
28059,Mississippi,Jackson,"4,634",987,625,647,"1,397",978,"1,134","1,933","1,567","3,926",708
28061,Mississippi,Jasper,291,49,38,38,91,75,46,104,141,265,26
28063,Mississippi,Jefferson,77,,,12,24,22,11,34,32,66,11
28065,Mississippi,Jefferson Davis,219,37,23,21,66,72,36,90,93,183,36
28067,Mississippi,Jones,891,188,100,135,252,216,156,299,436,828,63
28069,Mississippi,Kemper,156,39,17,21,45,34,24,61,71,134,22
28071,Mississippi,Lafayette,587,110,68,89,178,142,175,188,224,526,60
28073,Mississippi,Lamar,"1,406",257,138,197,457,357,308,648,450,"1,227",179
28075,Mississippi,Lauderdale,"1,570",326,178,210,482,374,369,612,589,"1,351",219
28077,Mississippi,Lawrence,203,36,24,31,64,48,41,78,84,179,24
28079,Mississippi,Leake,309,51,27,40,89,102,53,108,148,280,29
28081,Mississippi,Lee,"1,156",231,123,132,389,281,332,374,450,"1,049",107
28083,Mississippi,Leflore,317,62,28,46,110,71,61,125,131,290,27
28085,Mississippi,Lincoln,418,75,42,61,143,97,84,162,172,367,51
28087,Mississippi,Lowndes,"1,745",331,216,228,518,452,450,650,645,"1,508",237
28089,Mississippi,Madison,"1,652",309,221,186,524,412,363,751,538,"1,394",258
28091,Mississippi,Marion,334,64,45,42,86,97,57,121,156,296,38
28093,Mississippi,Marshall,427,102,55,66,125,79,79,132,216,381,46
28095,Mississippi,Monroe,642,115,62,85,227,153,148,200,294,602,40
28097,Mississippi,Montgomery,194,34,23,18,75,44,43,52,99,172,22
28099,Mississippi,Neshoba,355,72,47,56,119,61,73,133,149,322,33
28101,Mississippi,Newton,390,64,45,55,138,88,63,171,156,344,46
28103,Mississippi,Noxubee,84,,15,,30,21,18,34,32,69,15
28105,Mississippi,Oktibbeha,536,113,62,66,153,142,160,188,188,472,64
28107,Mississippi,Panola,412,88,58,52,120,94,83,142,187,376,36
28109,Mississippi,Pearl River,"1,285",268,206,181,350,280,270,454,561,"1,156",129
28111,Mississippi,Perry,257,48,29,37,77,66,51,87,119,224,33
28113,Mississippi,Pike,631,115,67,86,216,147,116,235,280,546,85
28115,Mississippi,Pontotoc,455,88,56,54,153,104,123,131,201,431,24
28117,Mississippi,Prentiss,303,56,38,41,103,65,88,83,132,282,21
28119,Mississippi,Quitman,99,23,11,11,34,20,13,44,42,88,11
28121,Mississippi,Rankin,"2,585",551,351,376,751,556,673,"1,014",898,"2,246",338
28123,Mississippi,Scott,277,59,30,43,77,68,56,104,117,256,21
28125,Mississippi,Sharkey,40,,,,14,16,,,20,,
28127,Mississippi,Simpson,433,84,54,57,129,109,101,128,204,388,45
28129,Mississippi,Smith,210,41,35,38,52,44,46,72,92,182,28
28131,Mississippi,Stone,534,96,71,85,164,118,118,208,208,475,59
28133,Mississippi,Sunflower,251,59,25,24,65,78,54,97,100,220,31
28135,Mississippi,Tallahatchie,152,29,10,20,55,38,32,55,65,139,13
28137,Mississippi,Tate,408,91,61,57,120,79,114,141,153,368,40
28139,Mississippi,Tippah,192,50,24,18,56,44,40,51,101,182,10
28141,Mississippi,Tishomingo,276,58,38,34,82,64,71,77,128,263,13
28143,Mississippi,Tunica,134,36,14,13,43,28,19,59,56,112,22
28145,Mississippi,Union,343,69,48,51,97,78,89,85,169,314,29
28147,Mississippi,Walthall,211,51,26,28,51,55,37,65,109,196,15
28149,Mississippi,Warren,685,159,86,93,195,152,144,275,266,583,102
28151,Mississippi,Washington,603,121,77,81,177,147,101,228,274,544,59
28153,Mississippi,Wayne,259,45,30,48,78,58,36,88,135,240,19
28155,Mississippi,Webster,154,29,17,31,42,35,38,62,53,,
28157,Mississippi,Wilkinson,79,13,,,25,25,14,29,36,,
28159,Mississippi,Winston,272,53,38,34,74,73,46,119,107,236,36
28161,Mississippi,Yalobusha,211,47,26,29,72,37,24,86,101,190,21
28163,Mississippi,Yazoo,320,73,32,40,93,82,66,133,121,292,28
29001,Missouri,Adair,388,145,44,36,103,60,83,118,187,352,36
29003,Missouri,Andrew,337,95,54,43,85,60,73,106,158,318,19
29005,Missouri,Atchison,87,30,11,14,21,11,13,21,53,,
29007,Missouri,Audrain,514,188,75,61,123,67,78,116,320,490,24
29009,Missouri,Barry,660,167,90,103,179,121,158,182,320,608,52
29011,Missouri,Barton,142,43,19,21,39,20,30,34,78,,
29013,Missouri,Bates,227,57,29,27,71,43,62,58,107,211,16
29015,Missouri,Benton,833,273,88,97,240,135,108,236,489,764,69
29017,Missouri,Bollinger,270,68,33,43,76,50,53,76,141,254,16
29019,Missouri,Boone,"3,510","1,107",481,434,951,537,"1,033","1,091","1,386","3,111",398
29021,Missouri,Buchanan,"1,303",391,193,180,327,212,263,396,644,"1,201",102
29023,Missouri,Butler,"1,417",336,182,196,431,272,290,471,656,"1,300",117
29025,Missouri,Caldwell,206,60,33,24,56,33,39,64,103,187,19
29027,Missouri,Callaway,"1,257",440,157,173,337,150,252,394,611,"1,159",98
29029,Missouri,Camden,"1,429",420,157,184,362,306,214,428,787,"1,315",114
29031,Missouri,Cape Girardeau,"1,615",450,228,203,447,287,430,425,760,"1,488",126
29033,Missouri,Carroll,168,59,22,24,41,22,27,41,100,,
29035,Missouri,Carter,175,47,21,17,54,36,30,55,90,163,12
29037,Missouri,Cass,"2,399",575,314,350,713,447,706,781,912,"2,183",216
29039,Missouri,Cedar,372,89,47,65,117,54,63,107,202,338,34
29041,Missouri,Chariton,173,72,23,18,43,17,25,43,105,160,13
29043,Missouri,Christian,"1,929",471,244,290,587,337,592,610,727,"1,751",178
29045,Missouri,Clark,107,26,12,17,39,13,25,21,61,,
29047,Missouri,Clay,"4,219",995,580,587,"1,300",757,"1,390","1,269","1,560","3,785",434
29049,Missouri,Clinton,496,130,75,64,145,82,111,115,270,454,42
29051,Missouri,Cole,"1,853",595,257,250,478,273,383,562,908,"1,689",163
29053,Missouri,Cooper,452,147,72,52,125,56,93,124,235,419,33
29055,Missouri,Crawford,571,167,75,66,158,105,116,159,296,528,43
29057,Missouri,Dade,148,27,26,24,44,27,28,33,87,,
29059,Missouri,Dallas,456,108,60,63,160,65,88,137,231,422,33
29061,Missouri,Daviess,179,72,16,22,35,34,29,44,106,168,11
29063,Missouri,DeKalb,192,55,31,28,53,25,40,52,100,181,11
29065,Missouri,Dent,444,105,56,56,131,96,79,146,219,412,32
29067,Missouri,Douglas,271,70,31,38,71,61,50,84,137,248,23
29069,Missouri,Dunklin,466,140,60,60,119,87,77,135,254,447,19
29071,Missouri,Franklin,"1,563",372,240,224,444,283,445,437,681,"1,426",137
29073,Missouri,Gasconade,320,109,48,48,67,48,58,85,177,297,23
29075,Missouri,Gentry,88,25,,,18,22,22,25,41,,
29077,Missouri,Greene,"5,150","1,380",719,717,"1,518",816,"1,527","1,506","2,117","4,645",504
29079,Missouri,Grundy,193,69,28,33,43,20,38,43,112,178,15
29081,Missouri,Harrison,161,50,26,24,36,25,28,40,93,144,17
29083,Missouri,Henry,623,151,96,95,175,106,136,198,289,580,43
29085,Missouri,Hickory,298,76,41,39,89,53,40,80,178,278,20
29087,Missouri,Holt,78,23,,14,23,,16,25,37,,
29089,Missouri,Howard,213,76,22,25,50,40,33,68,112,201,12
29091,Missouri,Howell,"1,045",244,126,159,327,189,235,307,503,954,91
29093,Missouri,Iron,274,81,31,36,70,56,48,85,141,262,12
29095,Missouri,Jackson,"10,282","2,495","1,360","1,330","3,201","1,896","3,018","3,073","4,190","9,122","1,159"
29097,Missouri,Jasper,"1,900",460,270,292,530,348,559,572,769,"1,765",135
29099,Missouri,Jefferson,"4,078","1,002",595,574,"1,170",737,"1,312","1,140","1,626","3,703",375
29101,Missouri,Johnson,"2,381",488,374,393,740,386,748,"1,012",621,"2,057",324
29103,Missouri,Knox,100,38,,,19,21,10,20,70,,
29105,Missouri,Laclede,"1,177",262,130,146,390,249,246,443,488,"1,068",109
29107,Missouri,Lafayette,686,181,79,113,191,122,165,193,328,641,45
29109,Missouri,Lawrence,722,182,114,109,212,105,176,205,341,657,65
29111,Missouri,Lewis,159,35,23,25,41,35,32,36,91,148,11
29113,Missouri,Lincoln,"1,070",252,155,157,295,211,375,272,423,980,90
29115,Missouri,Linn,277,94,38,41,65,39,57,57,163,263,14
29117,Missouri,Livingston,255,69,33,50,69,34,57,71,127,238,17
29119,Missouri,McDonald,311,61,36,42,105,67,82,100,129,284,27
29121,Missouri,Macon,363,106,64,44,92,57,58,98,207,345,18
29123,Missouri,Madison,333,98,51,37,92,55,64,105,164,311,22
29125,Missouri,Maries,305,76,44,35,90,60,53,113,139,276,29
29127,Missouri,Marion,591,205,76,73,145,92,123,145,323,558,33
29129,Missouri,Mercer,88,32,,,19,16,10,19,59,,
29131,Missouri,Miller,646,189,83,82,171,121,113,193,340,612,34
29133,Missouri,Mississippi,183,45,19,26,55,38,26,45,112,,
29135,Missouri,Moniteau,286,95,45,50,64,32,50,79,157,265,21
29137,Missouri,Monroe,232,70,38,36,55,33,30,74,128,,
29139,Missouri,Montgomery,241,83,38,25,63,32,37,56,148,228,13
29141,Missouri,Morgan,601,163,80,77,185,96,99,136,366,562,39
29143,Missouri,New Madrid,401,105,44,55,127,70,69,127,205,369,32
29145,Missouri,Newton,"1,079",250,153,150,333,193,277,336,466,991,88
29147,Missouri,Nodaway,297,91,45,48,69,44,60,84,153,286,11
29149,Missouri,Oregon,258,65,24,32,76,61,57,64,137,241,17
29151,Missouri,Osage,303,86,49,51,79,38,64,74,165,276,27
29153,Missouri,Ozark,308,64,34,57,93,60,51,97,160,282,26
29155,Missouri,Pemiscot,232,54,32,35,66,45,38,77,116,217,15
29157,Missouri,Perry,355,101,61,51,87,55,79,87,189,328,27
29159,Missouri,Pettis,"1,125",373,144,150,277,181,251,335,539,"1,041",84
29161,Missouri,Phelps,"1,548",383,183,201,483,298,324,560,664,"1,416",132
29163,Missouri,Pike,299,98,45,34,67,55,66,72,161,280,19
29165,Missouri,Platte,"2,408",529,291,292,755,541,697,951,760,"2,144",264
29167,Missouri,Polk,650,170,92,76,195,117,145,184,321,596,54
29169,Missouri,Pulaski,"4,696",594,420,531,"1,642","1,509","1,387","2,172","1,137","3,878",818
29171,Missouri,Putnam,76,25,10,11,17,13,13,17,46,,
29173,Missouri,Ralls,286,97,31,35,79,44,53,75,158,,
29175,Missouri,Randolph,564,193,79,68,143,81,136,187,241,529,35
29177,Missouri,Ray,453,142,68,52,129,62,83,135,235,424,29
29179,Missouri,Reynolds,186,46,26,21,54,39,35,47,104,,
29181,Missouri,Ripley,368,75,45,43,128,77,72,108,188,338,30
29183,Missouri,St. Charles,"5,781","1,445",827,817,"1,596","1,096","1,871","1,651","2,259","5,181",600
29185,Missouri,St. Clair,248,63,43,26,73,43,51,62,135,226,22
29186,Missouri,Ste. Genevieve,365,93,46,59,95,72,76,102,187,340,25
29187,Missouri,St. Francois,"1,439",361,155,207,421,295,361,451,627,"1,338",101
29189,Missouri,St. Louis,"10,963","2,609","1,562","1,565","3,090","2,137","2,696","3,221","5,046","9,603","1,358"
29195,Missouri,Saline,429,136,60,66,94,73,86,115,228,411,18
29197,Missouri,Schuyler,63,20,13,,11,,11,10,42,,
29199,Missouri,Scotland,75,28,,12,20,,12,19,44,,
29201,Missouri,Scott,791,216,118,83,216,158,172,241,378,737,54
29203,Missouri,Shannon,223,45,21,30,68,59,43,68,112,205,18
29205,Missouri,Shelby,144,47,24,26,30,17,24,36,84,,
29207,Missouri,Stoddard,768,197,85,111,214,161,143,211,414,713,55
29209,Missouri,Stone,842,230,114,104,239,155,141,230,471,770,72
29211,Missouri,Sullivan,92,26,13,15,26,12,18,21,53,,
29213,Missouri,Taney,"1,247",365,158,185,328,211,251,340,656,"1,164",83
29215,Missouri,Texas,"1,092",230,117,137,356,252,213,397,482,989,103
29217,Missouri,Vernon,328,96,41,40,104,47,73,89,166,305,23
29219,Missouri,Warren,642,186,91,87,169,109,194,144,304,602,40
29221,Missouri,Washington,447,111,64,60,123,89,94,131,222,415,32
29223,Missouri,Wayne,378,88,43,51,112,84,63,114,201,353,25
29225,Missouri,Webster,860,214,117,133,250,146,230,285,345,785,74
29227,Missouri,Worth,35,12,,,,,,,21,,
29229,Missouri,Wright,460,124,52,55,140,89,86,139,235,422,38
29510,Missouri,St. Louis City,"3,130",737,450,462,867,614,958,990,"1,182","2,666",463
30001,Montana,Beaverhead,211,74,34,23,48,32,40,58,113,195,16
30003,Montana,Big Horn,140,30,21,17,49,23,29,46,65,122,18
30005,Montana,Blaine,126,32,21,20,36,17,32,33,61,115,11
30007,Montana,Broadwater,289,63,45,35,76,70,72,100,117,262,27
30009,Montana,Carbon,296,70,45,39,66,76,62,95,139,269,27
30011,Montana,Carter,20,,,,,,,,10,,
30013,Montana,Cascade,"3,857",915,683,614,"1,087",558,"1,035","1,495","1,327","3,364",493
30015,Montana,Chouteau,122,34,15,19,29,25,31,40,51,104,18
30017,Montana,Custer,292,78,35,49,77,53,55,113,124,266,26
30019,Montana,Daniels,33,10,,,11,,11,10,12,,
30021,Montana,Dawson,179,44,26,27,54,28,36,46,97,166,13
30023,Montana,Deer Lodge,239,57,37,47,50,48,28,78,133,223,16
30025,Montana,Fallon,28,,,,11,,,,14,,
30027,Montana,Fergus,251,69,50,37,53,42,32,56,163,233,18
30029,Montana,Flathead,"2,601",575,366,386,735,539,828,815,958,"2,340",261
30031,Montana,Gallatin,"1,908",553,277,257,502,319,778,474,656,"1,703",205
30033,Montana,Garfield,23,,,,,,,,11,,
30035,Montana,Glacier,232,56,43,36,62,35,65,73,94,211,21
30037,Montana,Golden Valley,21,,,,,10,,,14,,
30039,Montana,Granite,94,20,10,13,29,22,30,30,34,81,13
30041,Montana,Hill,341,108,59,52,83,39,85,94,162,304,37
30043,Montana,Jefferson,503,124,85,57,130,107,94,182,227,457,46
30045,Montana,Judith Basin,75,24,,13,19,,21,16,38,,
30047,Montana,Lake,729,171,85,100,209,164,174,187,368,640,89
30049,Montana,Lewis and Clark,"2,662",664,374,354,779,491,717,"1,024",921,"2,316",345
30051,Montana,Liberty,26,,,,,,,,14,,
30053,Montana,Lincoln,765,155,84,100,230,196,154,231,380,694,71
30055,Montana,McCone,29,,,,,,,,13,,
30057,Montana,Madison,225,60,43,23,57,42,41,62,122,210,15
30059,Montana,Meagher,64,17,,,14,14,,,44,,
30061,Montana,Mineral,175,31,26,23,53,42,46,45,84,155,20
30063,Montana,Missoula,"2,317",561,318,300,663,475,894,621,802,"2,062",255
30065,Montana,Musselshell,198,38,36,27,63,34,39,50,109,178,20
30067,Montana,Park,362,112,53,44,84,69,103,106,153,323,39
30069,Montana,Petroleum,12,,,,,,,,,,
30073,Montana,Pondera,114,26,21,17,34,16,29,19,66,,
30075,Montana,Powder River,25,,,,10,,,,11,,
30077,Montana,Powell,203,53,25,33,48,44,39,80,84,185,18
30079,Montana,Prairie,41,19,,,,,,,24,,
30081,Montana,Ravalli,"1,602",343,201,224,460,374,340,507,755,"1,442",160
30083,Montana,Richland,141,46,28,19,28,20,46,50,45,,
30085,Montana,Roosevelt,144,42,28,19,34,21,46,35,63,130,14
30087,Montana,Rosebud,147,43,24,18,42,20,35,45,67,135,11
30089,Montana,Sanders,473,113,45,64,144,107,83,131,259,443,30
30091,Montana,Sheridan,57,18,12,,11,,13,21,23,,
30093,Montana,Silver Bow,801,228,134,104,208,127,208,258,335,714,87
30095,Montana,Stillwater,239,69,29,29,68,44,47,59,133,218,21
30097,Montana,Sweet Grass,94,25,14,14,27,14,17,29,48,,
30099,Montana,Teton,140,38,14,20,43,25,27,46,67,125,15
30101,Montana,Toole,120,48,16,14,28,14,39,34,47,103,17
30103,Montana,Treasure,15,,,,,,,,,,
30105,Montana,Valley,170,52,34,23,37,24,33,53,84,153,17
30107,Montana,Wheatland,50,14,17,,10,,10,15,25,40,10
30109,Montana,Wibaux,10,,,,,,,,,,
30111,Montana,Yellowstone,"3,782",932,534,550,998,768,"1,224","1,134","1,424","3,387",395
31001,Nebraska,Adams,709,314,90,92,125,88,131,135,443,667,42
31003,Nebraska,Antelope,193,77,29,30,37,20,23,32,138,,
31005,Nebraska,Arthur,,,,,,,,,,,
31007,Nebraska,Banner,10,,,,,,,,,,
31009,Nebraska,Blaine,,,,,,,,,,,
31011,Nebraska,Boone,151,77,19,15,25,15,16,16,119,,
31013,Nebraska,Box Butte,236,75,43,38,50,30,62,57,117,217,19
31015,Nebraska,Boyd,60,33,,,,,,,44,,
31017,Nebraska,Brown,67,24,10,10,13,10,,,48,,
31019,Nebraska,Buffalo,"1,098",457,156,104,223,158,205,232,661,"1,046",52
31021,Nebraska,Burt,141,45,21,23,27,25,18,43,80,128,13
31023,Nebraska,Butler,245,126,26,30,34,29,36,51,158,235,10
31025,Nebraska,Cass,"1,218",370,172,197,290,189,245,459,514,"1,083",135
31027,Nebraska,Cedar,168,78,24,18,31,17,29,38,101,,
31029,Nebraska,Chase,54,20,,,11,,14,12,28,,
31031,Nebraska,Cherry,114,43,19,16,23,13,26,24,64,,
31033,Nebraska,Cheyenne,301,144,30,30,59,38,64,72,165,280,21
31035,Nebraska,Clay,181,78,30,16,33,24,31,38,112,,
31037,Nebraska,Colfax,142,73,21,12,21,15,11,26,105,,
31039,Nebraska,Cuming,179,79,30,26,22,22,29,26,124,,
31041,Nebraska,Custer,295,119,49,34,59,34,33,49,213,277,18
31043,Nebraska,Dakota,362,176,47,35,64,40,55,98,209,339,23
31045,Nebraska,Dawes,179,57,20,22,57,23,47,48,83,160,19
31047,Nebraska,Dawson,408,199,50,45,68,46,62,89,257,394,14
31049,Nebraska,Deuel,61,33,,,,,,,45,,
31051,Nebraska,Dixon,150,68,27,19,24,12,18,30,102,137,13
31053,Nebraska,Dodge,978,436,144,118,170,110,154,259,565,938,39
31055,Nebraska,Douglas,"8,918","2,679","1,389","1,251","2,175","1,424","2,580","2,741","3,597","7,988",926
31057,Nebraska,Dundy,35,15,,,,,,,24,,
31059,Nebraska,Fillmore,159,62,23,21,34,19,30,36,93,,
31061,Nebraska,Franklin,115,48,18,16,14,19,12,13,90,,
31063,Nebraska,Frontier,50,18,,,11,,,,31,,
31065,Nebraska,Furnas,164,69,24,17,36,18,11,31,122,,
31067,Nebraska,Gage,717,300,86,85,150,96,132,174,411,675,42
31069,Nebraska,Garden,45,21,,,,,,,31,,
31071,Nebraska,Garfield,68,26,10,,,15,,,46,,
31073,Nebraska,Gosper,70,26,,,16,10,,,54,,
31075,Nebraska,Grant,,,,,,,,,,,
31077,Nebraska,Greeley,91,43,10,11,16,11,,,70,,
31079,Nebraska,Hall,"1,664",780,187,178,302,217,274,412,977,"1,562",101
31081,Nebraska,Hamilton,269,119,29,37,51,33,48,53,168,253,16
31083,Nebraska,Harlan,115,56,,,18,19,,,82,,
31087,Nebraska,Hitchcock,83,36,,,20,12,12,15,56,,
31089,Nebraska,Holt,270,105,46,28,47,44,42,43,185,256,14
31091,Nebraska,Hooker,10,,,,,,,,,,
31093,Nebraska,Howard,244,118,33,23,38,32,35,43,166,233,11
31095,Nebraska,Jefferson,173,68,27,23,34,21,24,41,108,,
31097,Nebraska,Johnson,104,46,,21,20,,25,31,48,94,10
31099,Nebraska,Kearney,184,71,25,17,40,31,38,40,106,174,10
31101,Nebraska,Keith,232,119,27,28,21,37,38,51,143,218,14
31103,Nebraska,Keya Paha,,,,,,,,,,,
31105,Nebraska,Kimball,98,33,16,11,22,16,18,31,49,,
31107,Nebraska,Knox,264,102,34,45,47,36,36,44,184,244,20
31109,Nebraska,Lancaster,"6,499","2,302",896,820,"1,440","1,041","1,586","1,766","3,147","5,925",573
31111,Nebraska,Lincoln,847,322,125,90,196,114,169,224,454,790,56
31113,Nebraska,Logan,20,,,,,,,,,,
31115,Nebraska,Loup,32,13,,,10,,,,24,,
31117,Nebraska,McPherson,,,,,,,,,,,
31119,Nebraska,Madison,603,233,91,83,114,82,138,115,350,553,50
31121,Nebraska,Merrick,282,136,41,30,46,29,39,52,191,268,14
31123,Nebraska,Morrill,125,52,18,16,22,17,16,33,76,,
31125,Nebraska,Nance,106,53,,17,17,,18,15,73,,
31127,Nebraska,Nemaha,145,49,27,14,30,25,33,41,71,132,13
31129,Nebraska,Nuckolls,124,54,19,14,16,21,13,20,91,,
31131,Nebraska,Otoe,368,132,53,56,76,51,82,101,185,333,35
31133,Nebraska,Pawnee,63,30,,,10,,,,45,,
31135,Nebraska,Perkins,47,22,,,,,,,28,,
31137,Nebraska,Phelps,299,137,41,36,61,24,44,57,198,286,13
31139,Nebraska,Pierce,131,40,27,19,30,15,42,26,63,119,12
31141,Nebraska,Platte,719,331,88,100,107,93,102,124,493,688,31
31143,Nebraska,Polk,147,78,17,12,25,15,16,25,106,,
31145,Nebraska,Red Willow,325,140,43,34,65,43,63,77,185,306,19
31147,Nebraska,Richardson,175,58,26,22,46,23,26,39,110,,
31149,Nebraska,Rock,26,10,,,,,,,19,,
31151,Nebraska,Saline,251,98,32,44,50,27,35,59,157,234,17
31153,Nebraska,Sarpy,"9,692","2,336","1,504","1,464","2,586","1,802","2,539","4,197","2,956","8,242","1,450"
31155,Nebraska,Saunders,696,290,105,89,133,79,124,176,396,646,50
31157,Nebraska,Scotts Bluff,930,371,149,102,200,108,169,233,528,869,61
31159,Nebraska,Seward,499,237,63,45,103,51,98,121,280,474,25
31161,Nebraska,Sheridan,123,35,14,18,35,21,21,31,71,,
31163,Nebraska,Sherman,112,56,14,14,13,15,13,20,79,,
31165,Nebraska,Sioux,21,,,,,,,,14,,
31167,Nebraska,Stanton,144,69,11,23,24,17,27,30,87,133,11
31169,Nebraska,Thayer,119,46,21,13,24,15,16,19,84,,
31171,Nebraska,Thomas,18,,,,,,,,13,,
31173,Nebraska,Thurston,66,25,11,,12,,,,36,,
31175,Nebraska,Valley,130,65,17,17,21,10,17,27,86,,
31177,Nebraska,Washington,440,150,64,70,92,64,124,120,196,406,34
31179,Nebraska,Wayne,162,87,23,20,20,12,34,31,97,,
31181,Nebraska,Webster,85,36,,,16,16,16,10,59,,
31183,Nebraska,Wheeler,19,,,,,,,,12,,
31185,Nebraska,York,519,306,60,51,67,35,63,109,347,497,22
32001,Nevada,Churchill,"1,439",253,176,196,467,347,396,541,502,"1,253",186
32003,Nevada,Clark,"51,210","9,261","5,357","5,949","16,362","14,281","16,087","17,605","17,517","44,327","6,883"
32005,Nevada,Douglas,"1,248",295,155,169,379,250,281,321,646,"1,149",99
32007,Nevada,Elko,835,253,120,125,215,122,290,237,308,751,84
32009,Nevada,Esmeralda,15,,,,,,,,,,
32011,Nevada,Eureka,32,10,,,,,,13,,,
32013,Nevada,Humboldt,240,60,35,37,63,45,66,74,100,222,18
32015,Nevada,Lander,73,18,,,21,14,21,21,31,,
32017,Nevada,Lincoln,82,24,11,13,18,16,10,27,45,72,10
32019,Nevada,Lyon,"2,025",416,264,271,641,433,593,554,878,"1,794",231
32021,Nevada,Mineral,144,30,14,23,51,26,35,32,77,132,12
32023,Nevada,Nye,"2,129",461,232,219,686,531,281,592,"1,256","1,915",214
32027,Nevada,Pershing,121,37,14,13,34,23,25,40,56,,
32029,Nevada,Storey,144,37,19,15,42,31,32,42,70,124,20
32031,Nevada,Washoe,"9,310","2,279","1,177","1,130","2,675","2,049","2,731","2,634","3,944","8,392",918
32033,Nevada,White Pine,155,41,28,23,33,30,40,51,64,,
32510,Nevada,Carson City,"1,222",320,149,151,344,258,317,309,596,"1,107",115
33001,New Hampshire,Belknap,"1,403",369,202,191,386,255,333,381,689,"1,273",129
33003,New Hampshire,Carroll,984,266,149,140,263,166,193,263,528,900,84
33005,New Hampshire,Cheshire,"1,347",333,194,178,370,272,384,354,609,"1,225",122
33007,New Hampshire,Coos,803,165,114,129,227,168,194,241,368,730,73
33009,New Hampshire,Grafton,"1,589",401,213,198,448,329,363,487,739,"1,453",136
33011,New Hampshire,Hillsborough,"7,094","1,989","1,120","1,029","1,875","1,081","2,244","2,120","2,730","6,378",716
33013,New Hampshire,Merrimack,"2,725",758,382,409,730,446,783,783,"1,159","2,462",263
33015,New Hampshire,Rockingham,"5,286","1,568",805,738,"1,363",812,"1,407","1,489","2,390","4,854",431
33017,New Hampshire,Strafford,"2,483",669,369,380,684,381,722,734,"1,027","2,245",238
33019,New Hampshire,Sullivan,889,193,133,111,278,174,203,277,409,802,87
34001,New Jersey,Atlantic,"2,891",672,342,324,910,643,730,754,"1,407","2,609",282
34003,New Jersey,Bergen,"4,198","1,098",495,503,"1,126",976,"1,525",858,"1,815","3,853",344
34005,New Jersey,Burlington,"8,112","1,531",890,985,"2,640","2,066","2,111","2,853","3,147","6,957","1,154"
34007,New Jersey,Camden,"5,297","1,102",567,654,"1,642","1,332","1,486","1,604","2,207","4,692",605
34009,New Jersey,Cape May,"1,839",461,226,239,518,395,390,432,"1,017","1,721",118
34011,New Jersey,Cumberland,"1,539",328,187,190,457,377,379,436,724,"1,391",148
34013,New Jersey,Essex,"3,822",945,428,492,"1,027",930,"1,317","1,056","1,449","3,322",497
34015,New Jersey,Gloucester,"3,688",805,421,416,"1,130",916,984,954,"1,750","3,375",311
34017,New Jersey,Hudson,"2,302",527,265,302,673,535,"1,213",505,583,"2,014",288
34019,New Jersey,Hunterdon,945,239,139,104,225,238,239,258,448,882,63
34021,New Jersey,Mercer,"2,159",534,261,283,607,474,588,573,998,"1,963",195
34023,New Jersey,Middlesex,"4,192","1,074",560,508,"1,144",906,"1,409",952,"1,831","3,807",385
34025,New Jersey,Monmouth,"4,532","1,201",532,553,"1,219","1,027","1,150","1,024","2,358","4,212",319
34027,New Jersey,Morris,"2,702",723,335,339,752,553,923,585,"1,194","2,521",181
34029,New Jersey,Ocean,"7,451","2,014",855,877,"2,137","1,568","1,495","1,549","4,406","7,039",410
34031,New Jersey,Passaic,"2,224",527,242,299,628,528,837,489,898,"2,038",185
34033,New Jersey,Salem,840,186,94,106,261,193,224,232,384,750,90
34035,New Jersey,Somerset,"1,781",441,196,214,521,409,543,421,817,"1,639",142
34037,New Jersey,Sussex,"1,435",329,178,171,419,338,505,290,639,"1,333",102
34039,New Jersey,Union,"2,841",688,355,344,783,671,996,761,"1,084","2,551",290
34041,New Jersey,Warren,"1,075",268,107,135,303,262,339,246,490,982,93
35001,New Mexico,Bernalillo,"15,937","3,297","1,840","1,981","5,283","3,536","3,774","5,820","6,343","13,951","1,984"
35003,New Mexico,Catron,127,28,,,38,39,10,30,87,,
35005,New Mexico,Chaves,950,245,108,129,271,197,225,283,442,876,74
35006,New Mexico,Cibola,434,70,45,54,153,112,68,112,254,393,41
35007,New Mexico,Colfax,250,42,26,30,74,78,31,76,143,234,16
35009,New Mexico,Curry,"1,612",243,172,228,588,381,549,577,486,"1,362",250
35011,New Mexico,De Baca,44,,,,15,11,11,13,20,,
35013,New Mexico,Dona Ana,"4,906",849,507,672,"1,696","1,182","1,419","1,543","1,944","4,379",527
35015,New Mexico,Eddy,739,163,106,101,240,129,202,223,314,687,52
35017,New Mexico,Grant,630,134,62,72,219,143,95,154,381,586,44
35019,New Mexico,Guadalupe,100,18,,,41,27,15,42,43,,
35021,New Mexico,Harding,24,,,,,,,12,,,
35023,New Mexico,Hidalgo,66,17,12,,19,,14,22,30,,
35025,New Mexico,Lea,611,162,91,84,182,92,194,179,238,563,48
35027,New Mexico,Lincoln,439,99,56,47,133,104,85,107,247,393,46
35028,New Mexico,Los Alamos,288,79,42,37,77,53,119,93,76,260,28
35029,New Mexico,Luna,412,96,34,45,138,99,73,97,242,380,32
35031,New Mexico,McKinley,825,129,86,119,297,194,232,229,364,704,121
35033,New Mexico,Mora,136,11,10,10,61,44,12,48,76,,
35035,New Mexico,Otero,"3,004",598,394,420,"1,041",551,796,"1,145","1,063","2,555",449
35037,New Mexico,Quay,213,40,20,33,70,50,30,58,125,200,13
35039,New Mexico,Rio Arriba,506,90,47,46,188,135,89,123,294,468,38
35041,New Mexico,Roosevelt,370,57,41,58,144,70,142,113,115,313,57
35043,New Mexico,Sandoval,"4,532",848,453,551,"1,550","1,130","1,090","1,679","1,762","3,977",555
35045,New Mexico,San Juan,"1,679",355,186,221,565,352,485,523,671,"1,473",205
35047,New Mexico,San Miguel,642,87,55,58,262,180,77,231,334,586,56
35049,New Mexico,Santa Fe,"2,304",431,261,251,840,521,427,639,"1,238","2,049",255
35051,New Mexico,Sierra,378,81,32,52,126,87,37,105,236,338,39
35053,New Mexico,Socorro,285,52,32,34,104,63,42,73,170,263,22
35055,New Mexico,Taos,651,104,62,69,264,152,85,179,387,586,65
35057,New Mexico,Torrance,392,49,46,40,144,113,77,116,199,354,38
35059,New Mexico,Union,73,17,,,23,20,12,22,39,,
35061,New Mexico,Valencia,"1,955",362,183,235,728,447,443,626,886,"1,751",204
36001,New York,Albany,"2,846",824,416,358,741,507,760,776,"1,309","2,525",320
36003,New York,Allegany,863,159,119,107,286,192,180,237,446,788,75
36005,New York,Bronx,"5,385","1,043",593,598,"1,694","1,457","1,957","1,629","1,799","4,667",717
36007,New York,Broome,"1,902",453,259,285,553,352,544,463,895,"1,748",154
36009,New York,Cattaraugus,"1,576",313,185,228,508,342,380,442,754,"1,453",123
36011,New York,Cayuga,"1,015",244,154,122,274,221,266,301,448,923,92
36013,New York,Chautauqua,"2,104",454,245,286,694,425,467,575,"1,062","1,957",147
36015,New York,Chemung,"1,335",292,149,164,439,291,325,355,655,"1,234",101
36017,New York,Chenango,714,188,93,94,182,157,192,192,330,664,50
36019,New York,Clinton,"1,603",469,236,222,429,247,281,466,855,"1,492",111
36021,New York,Columbia,632,199,94,79,143,117,120,145,367,571,61
36023,New York,Cortland,554,152,89,79,138,96,154,141,259,505,49
36025,New York,Delaware,603,201,81,79,133,109,98,141,364,555,48
36027,New York,Dutchess,"2,754",777,370,318,734,555,711,691,"1,352","2,541",213
36029,New York,Erie,"11,662","2,047","1,358","1,527","3,899","2,831","3,031","3,393","5,238","10,497","1,163"
36031,New York,Essex,727,221,112,113,176,105,112,223,392,685,42
36033,New York,Franklin,751,190,112,101,208,140,171,206,374,700,51
36035,New York,Fulton,696,186,111,92,178,129,165,213,318,629,66
36037,New York,Genesee,947,221,111,119,282,214,256,242,449,862,85
36039,New York,Greene,607,172,79,80,151,125,128,163,316,559,48
36041,New York,Hamilton,62,21,14,,14,,14,19,29,,
36043,New York,Herkimer,933,228,155,124,251,175,187,282,464,850,83
36045,New York,Jefferson,"4,643",645,561,663,"1,580","1,194","1,867","1,876",900,"3,905",738
36047,New York,Kings,"7,932","1,709",979,927,"2,347","1,970","3,199","2,231","2,501","6,657","1,275"
36049,New York,Lewis,564,107,90,99,150,118,144,227,193,506,58
36051,New York,Livingston,772,209,102,108,214,139,182,198,392,698,74
36053,New York,Madison,892,210,120,139,243,180,244,244,404,799,93
36055,New York,Monroe,"7,332","2,023","1,020",902,"2,019","1,368","2,155","1,907","3,270","6,634",696
36057,New York,Montgomery,630,171,98,97,163,101,147,175,308,572,58
36059,New York,Nassau,"6,737","1,815",989,836,"1,783","1,314","1,906","1,366","3,465","6,267",467
36061,New York,New York,"4,776","1,122",633,626,"1,390","1,005","2,099","1,100","1,577","4,187",589
36063,New York,Niagara,"3,217",537,374,437,"1,091",778,868,939,"1,410","2,858",359
36065,New York,Oneida,"3,408",844,545,493,927,599,778,"1,009","1,621","3,098",309
36067,New York,Onondaga,"5,279","1,188",776,769,"1,555",991,"1,658","1,639","1,982","4,705",573
36069,New York,Ontario,"1,730",455,214,198,487,376,467,470,793,"1,571",157
36071,New York,Orange,"4,360",982,558,567,"1,317",936,"1,271","1,403","1,686","3,882",478
36073,New York,Orleans,590,111,73,87,185,134,147,172,271,536,54
36075,New York,Oswego,"1,740",435,276,237,470,322,487,573,680,"1,575",165
36077,New York,Otsego,784,194,132,102,211,145,171,188,425,727,57
36079,New York,Putnam,864,261,103,104,244,152,238,186,440,818,46
36081,New York,Queens,"7,387","1,648",933,931,"2,244","1,631","3,060","1,808","2,519","6,524",862
36083,New York,Rensselaer,"1,801",475,259,273,488,306,477,512,812,"1,620",181
36085,New York,Richmond,"2,625",594,281,290,794,666,723,581,"1,320","2,432",193
36087,New York,Rockland,"1,604",418,227,197,435,327,398,336,870,"1,516",88
36089,New York,St. Lawrence,"1,855",419,240,252,586,358,448,664,743,"1,719",136
36091,New York,Saratoga,"3,229",857,499,492,836,545,901,"1,047","1,281","2,909",318
36093,New York,Schenectady,"1,521",414,222,201,407,277,409,479,633,"1,343",178
36095,New York,Schoharie,458,125,62,70,118,83,132,100,226,428,30
36097,New York,Schuyler,327,85,43,42,93,64,71,97,159,303,24
36099,New York,Seneca,466,124,73,71,118,80,110,127,229,424,42
36101,New York,Steuben,"1,993",399,250,253,651,440,503,614,876,"1,800",193
36103,New York,Suffolk,"10,827","2,762","1,549","1,361","3,002","2,153","2,966","2,399","5,461","10,081",743
36105,New York,Sullivan,812,249,102,102,196,163,166,222,424,756,56
36107,New York,Tioga,637,148,95,107,178,109,192,174,271,572,65
36109,New York,Tompkins,649,159,84,94,179,133,224,166,259,578,71
36111,New York,Ulster,"1,679",503,234,227,401,314,360,425,894,"1,529",150
36113,New York,Warren,920,222,150,148,248,152,206,278,436,838,82
36115,New York,Washington,975,294,157,120,232,172,235,291,449,897,78
36117,New York,Wayne,"1,355",404,172,181,370,228,349,349,657,"1,245",110
36119,New York,Westchester,"4,337","1,038",543,538,"1,229",989,"1,258","1,013","2,066","3,984",351
36121,New York,Wyoming,610,127,73,77,185,148,148,154,308,561,49
36123,New York,Yates,398,96,53,44,121,84,75,91,232,369,29
37001,North Carolina,Alamance,"2,708",565,334,355,829,625,739,874,"1,095","2,357",351
37003,North Carolina,Alexander,650,142,73,96,200,139,149,162,339,605,45
37005,North Carolina,Alleghany,231,66,24,27,68,46,30,58,143,216,15
37007,North Carolina,Anson,359,51,42,43,118,105,66,95,198,332,27
37009,North Carolina,Ashe,527,122,60,58,152,135,76,150,301,490,37
37011,North Carolina,Avery,294,77,24,34,76,83,43,70,181,278,16
37013,North Carolina,Beaufort,"1,157",252,140,161,315,289,176,312,669,"1,058",99
37015,North Carolina,Bertie,298,63,42,36,84,73,34,109,155,279,19
37017,North Carolina,Bladen,816,118,71,98,278,251,130,276,410,735,81
37019,North Carolina,Brunswick,"4,827",986,565,597,"1,448","1,231",942,"1,350","2,535","4,399",428
37021,North Carolina,Buncombe,"4,755","1,240",634,635,"1,366",880,"1,118","1,319","2,318","4,154",601
37023,North Carolina,Burke,"1,705",407,210,206,512,370,359,421,925,"1,570",135
37025,North Carolina,Cabarrus,"4,045",729,499,490,"1,249","1,078","1,210","1,422","1,413","3,481",563
37027,North Carolina,Caldwell,"1,546",341,187,242,446,330,365,432,749,"1,431",115
37029,North Carolina,Camden,635,84,59,98,223,171,161,329,145,543,92
37031,North Carolina,Carteret,"3,459",705,374,435,"1,007",938,765,"1,277","1,417","3,104",354
37033,North Carolina,Caswell,425,73,52,53,127,120,76,137,212,388,36
37035,North Carolina,Catawba,"2,816",595,355,417,778,671,782,815,"1,218","2,570",246
37037,North Carolina,Chatham,"1,138",251,140,151,322,274,275,360,503,"1,014",124
37039,North Carolina,Cherokee,917,238,102,112,243,222,105,265,547,850,66
37041,North Carolina,Chowan,331,77,51,45,89,69,66,93,172,300,31
37043,North Carolina,Clay,361,95,47,51,102,66,58,84,219,336,25
37045,North Carolina,Cleveland,"1,718",348,198,247,509,416,432,465,821,"1,584",134
37047,North Carolina,Columbus,"1,204",191,135,137,382,359,215,423,566,"1,088",116
37049,North Carolina,Craven,"6,306",933,686,912,"2,043","1,732","2,237","2,250","1,819","5,422",884
37051,North Carolina,Cumberland,"29,964","2,909","2,291","2,874","9,470","12,420","9,380","12,603","7,981","23,385","6,578"
37053,North Carolina,Currituck,"1,461",237,157,223,458,386,375,726,360,"1,237",224
37055,North Carolina,Dare,669,169,90,103,193,114,113,214,342,607,62
37057,North Carolina,Davidson,"2,829",596,342,325,873,693,792,835,"1,202","2,536",293
37059,North Carolina,Davie,816,185,118,95,220,198,189,244,383,746,70
37061,North Carolina,Duplin,"1,212",220,140,117,381,354,249,365,598,"1,081",131
37063,North Carolina,Durham,"4,565",853,522,596,"1,507","1,087","1,380","1,418","1,767","3,811",754
37065,North Carolina,Edgecombe,"1,040",190,92,132,362,264,167,320,553,916,124
37067,North Carolina,Forsyth,"6,164","1,179",702,771,"1,989","1,523","1,693","2,039","2,432","5,354",810
37069,North Carolina,Franklin,"1,488",247,166,182,509,384,422,515,551,"1,295",192
37071,North Carolina,Gaston,"3,955",812,437,455,"1,196","1,055","1,163","1,181","1,611","3,479",475
37073,North Carolina,Gates,319,69,33,46,102,69,65,157,97,278,41
37075,North Carolina,Graham,162,41,16,21,53,31,23,39,100,,
37077,North Carolina,Granville,"1,146",207,134,159,394,252,253,458,435,"1,018",128
37079,North Carolina,Greene,329,56,35,44,105,89,49,121,159,298,31
37081,North Carolina,Guilford,"8,232","1,505",907,"1,000","2,710","2,110","2,230","2,855","3,147","6,992","1,240"
37083,North Carolina,Halifax,936,177,102,110,297,250,134,318,484,838,98
37085,North Carolina,Harnett,"7,884",725,613,735,"2,475","3,336","2,803","3,472","1,609","6,417","1,467"
37087,North Carolina,Haywood,"1,722",435,243,254,457,333,296,464,962,"1,592",130
37089,North Carolina,Henderson,"2,257",567,386,285,597,422,413,602,"1,242","2,038",219
37091,North Carolina,Hertford,415,84,44,51,149,87,68,157,190,375,40
37093,North Carolina,Hoke,"5,040",340,306,394,"1,507","2,493","1,847","2,277",916,"3,874","1,166"
37095,North Carolina,Hyde,100,26,13,11,31,19,13,30,57,,
37097,North Carolina,Iredell,"3,233",673,441,418,955,746,"1,077",916,"1,240","2,908",325
37099,North Carolina,Jackson,752,217,85,114,199,137,142,200,410,684,68
37101,North Carolina,Johnston,"5,472",891,566,710,"1,788","1,517","1,839","2,060","1,573","4,694",778
37103,North Carolina,Jones,439,74,43,47,126,149,118,163,158,375,64
37105,North Carolina,Lee,"1,858",265,184,196,633,580,536,739,583,"1,592",266
37107,North Carolina,Lenoir,"1,531",283,148,182,477,441,304,510,717,"1,356",175
37109,North Carolina,Lincoln,"1,570",347,198,207,437,381,424,458,688,"1,435",135
37111,North Carolina,McDowell,"1,002",229,129,151,276,217,179,282,541,920,81
37113,North Carolina,Macon,"1,044",286,149,166,255,188,154,272,618,962,82
37115,North Carolina,Madison,394,99,46,60,117,72,87,118,189,355,39
37117,North Carolina,Martin,494,97,52,60,159,126,89,137,268,447,47
37119,North Carolina,Mecklenburg,"14,731","2,506","1,567","1,706","4,798","4,154","5,169","5,126","4,436","12,034","2,697"
37121,North Carolina,Mitchell,310,66,43,49,89,63,62,73,175,285,25
37123,North Carolina,Montgomery,507,60,47,70,194,136,113,154,240,462,45
37125,North Carolina,Moore,"5,186",609,398,491,"1,486","2,202","1,527","2,145","1,514","4,348",838
37127,North Carolina,Nash,"2,229",437,197,259,712,624,411,796,"1,022","1,934",295
37129,North Carolina,New Hanover,"5,398","1,002",648,743,"1,655","1,350","1,764","1,681","1,953","4,816",582
37131,North Carolina,Northampton,357,86,39,54,93,85,38,121,198,308,49
37133,North Carolina,Onslow,"19,334","1,870","1,624","2,149","6,357","7,334","8,718","6,914","3,701","16,084","3,250"
37135,North Carolina,Orange,"1,349",323,177,196,371,282,405,413,531,"1,160",189
37137,North Carolina,Pamlico,486,113,66,67,126,114,78,142,266,450,36
37139,North Carolina,Pasquotank,"1,718",330,247,254,544,343,377,778,563,"1,484",234
37141,North Carolina,Pender,"2,383",353,226,280,775,749,798,844,741,"2,150",233
37143,North Carolina,Perquimans,490,103,58,82,143,104,93,191,206,428,62
37145,North Carolina,Person,692,114,83,86,260,149,141,235,316,612,80
37147,North Carolina,Pitt,"3,865",660,440,484,"1,281","1,000","1,148","1,343","1,374","3,317",548
37149,North Carolina,Polk,403,95,44,50,128,86,76,100,227,371,32
37151,North Carolina,Randolph,"2,328",457,298,271,718,584,578,690,"1,060","2,130",198
37153,North Carolina,Richmond,"1,040",165,94,107,363,311,180,319,541,955,84
37155,North Carolina,Robeson,"2,686",395,239,315,938,799,605,"1,004","1,077","2,370",316
37157,North Carolina,Rockingham,"1,592",284,182,228,525,373,352,496,744,"1,446",146
37159,North Carolina,Rowan,"3,183",650,364,391,"1,020",758,744,960,"1,479","2,817",366
37161,North Carolina,Rutherford,"1,341",294,161,148,405,333,275,348,718,"1,224",117
37163,North Carolina,Sampson,"1,390",214,120,156,465,435,259,481,650,"1,245",144
37165,North Carolina,Scotland,846,136,90,93,271,256,169,304,373,742,104
37167,North Carolina,Stanly,997,198,134,121,301,243,293,275,429,904,93
37169,North Carolina,Stokes,855,174,103,121,242,215,213,233,409,780,75
37171,North Carolina,Surry,"1,174",230,144,162,362,276,229,304,640,"1,107",67
37173,North Carolina,Swain,284,67,39,43,76,59,48,84,151,248,36
37175,North Carolina,Transylvania,578,153,91,76,145,113,79,124,375,519,59
37177,North Carolina,Tyrrell,74,15,15,15,19,10,19,17,38,,
37179,North Carolina,Union,"3,323",663,429,387,993,851,930,"1,141","1,252","2,966",357
37181,North Carolina,Vance,710,148,71,87,231,173,137,212,361,638,72
37183,North Carolina,Wake,"16,433","3,016","1,969","2,146","5,120","4,182","5,977","5,983","4,473","13,808","2,624"
37185,North Carolina,Warren,416,74,48,52,143,99,53,131,232,368,48
37187,North Carolina,Washington,255,57,36,28,72,62,45,75,135,230,25
37189,North Carolina,Watauga,678,137,95,100,200,146,189,173,316,628,50
37191,North Carolina,Wayne,"5,238",868,555,651,"1,690","1,474","1,240","2,051","1,947","4,429",808
37193,North Carolina,Wilkes,"1,108",237,126,170,318,257,253,271,584,"1,021",87
37195,North Carolina,Wilson,"1,630",272,173,180,543,462,335,546,749,"1,443",186
37197,North Carolina,Yadkin,654,147,98,76,187,146,147,174,333,607,47
37199,North Carolina,Yancey,376,82,57,46,119,72,63,79,234,342,34
38001,North Dakota,Adams,33,,,,,,,,21,,
38003,North Dakota,Barnes,216,61,20,28,65,42,41,53,122,200,16
38005,North Dakota,Benson,65,14,,,18,13,,,39,,
38007,North Dakota,Billings,10,,,,,,,,,,
38009,North Dakota,Bottineau,141,35,27,16,47,16,26,51,64,,
38011,North Dakota,Bowman,41,11,,,13,,,,22,,
38013,North Dakota,Burke,29,14,,,,,,,18,,
38015,North Dakota,Burleigh,"1,683",500,233,274,415,261,414,564,705,"1,508",175
38017,North Dakota,Cass,"3,345","1,089",420,447,857,532,912,993,"1,440","3,020",325
38019,North Dakota,Cavalier,53,16,,,17,,,,29,,
38021,North Dakota,Dickey,77,30,,,15,13,14,22,41,,
38023,North Dakota,Divide,45,11,,,12,,12,11,22,,
38025,North Dakota,Dunn,72,,,17,26,13,22,24,26,62,10
38027,North Dakota,Eddy,41,,10,,,,,,26,,
38029,North Dakota,Emmons,65,17,,12,20,,10,18,37,53,12
38031,North Dakota,Foster,47,19,,,11,,11,11,25,,
38033,North Dakota,Golden Valley,34,14,,,,,,,19,,
38035,North Dakota,Grand Forks,"1,624",392,264,282,475,211,515,552,557,"1,450",174
38037,North Dakota,Grant,49,,,,20,10,,,23,,
38039,North Dakota,Griggs,59,24,,,11,12,,,43,,
38041,North Dakota,Hettinger,42,10,,,18,,11,10,21,,
38043,North Dakota,Kidder,29,,,,12,,,,16,,
38045,North Dakota,LaMoure,65,28,,,15,10,,,32,,
38047,North Dakota,Logan,29,,,,11,,,,17,,
38049,North Dakota,McHenry,140,29,25,18,41,27,28,44,68,121,19
38051,North Dakota,McIntosh,33,10,,,,,,,20,,
38053,North Dakota,McKenzie,162,50,20,30,45,17,63,59,40,146,16
38055,North Dakota,McLean,209,59,32,28,48,42,33,49,127,191,18
38057,North Dakota,Mercer,142,44,22,11,43,22,33,28,81,132,10
38059,North Dakota,Morton,592,196,82,79,155,80,145,164,283,552,40
38061,North Dakota,Mountrail,131,43,24,17,28,19,30,36,65,121,10
38063,North Dakota,Nelson,89,24,21,,23,,,,57,78,11
38065,North Dakota,Oliver,32,,,,,,,,19,,
38067,North Dakota,Pembina,136,42,24,15,30,25,27,35,74,,
38069,North Dakota,Pierce,53,16,,,11,11,,,32,,
38071,North Dakota,Ramsey,224,58,28,44,57,37,30,83,111,204,20
38073,North Dakota,Ransom,148,35,13,22,44,34,17,24,107,,
38075,North Dakota,Renville,84,23,12,10,27,12,19,36,29,,
38077,North Dakota,Richland,323,103,22,37,92,69,67,79,177,307,16
38079,North Dakota,Rolette,147,40,18,20,43,26,24,45,78,137,10
38081,North Dakota,Sargent,83,22,,,20,20,16,19,48,,
38083,North Dakota,Sheridan,17,,,,,,,,,,
38085,North Dakota,Sioux,32,,,,12,,,17,,,
38087,North Dakota,Slope,,,,,,,,,,,
38089,North Dakota,Stark,530,120,56,71,185,98,201,141,188,487,43
38091,North Dakota,Steele,54,20,,,12,,,,38,,
38093,North Dakota,Stutsman,348,115,46,49,87,51,71,92,185,323,25
38095,North Dakota,Towner,41,16,,,,11,,,24,,
38097,North Dakota,Traill,197,53,22,27,50,45,33,66,98,184,13
38099,North Dakota,Walsh,149,35,11,21,46,36,25,42,82,,
38101,North Dakota,Ward,"2,271",477,333,356,722,383,826,851,594,"1,929",342
38103,North Dakota,Wells,60,18,,,18,10,,,36,,
38105,North Dakota,Williams,563,144,86,99,155,79,245,184,134,520,43
39001,Ohio,Adams,508,175,71,78,99,85,100,142,266,478,30
39003,Ohio,Allen,"1,360",317,223,205,394,221,432,360,568,"1,258",102
39005,Ohio,Ashland,934,272,145,131,254,132,243,237,454,874,60
39007,Ohio,Ashtabula,"1,956",583,263,232,515,363,460,547,949,"1,819",137
39009,Ohio,Athens,906,238,126,124,261,157,244,223,439,853,53
39011,Ohio,Auglaize,645,157,104,94,183,107,202,162,281,614,31
39013,Ohio,Belmont,"1,251",453,208,173,240,177,199,309,743,"1,188",63
39015,Ohio,Brown,832,234,142,101,231,124,205,200,427,778,54
39017,Ohio,Butler,"5,422","1,798",858,734,"1,274",758,"1,464","1,528","2,430","5,001",421
39019,Ohio,Carroll,436,146,67,63,93,67,107,122,207,409,27
39021,Ohio,Champaign,606,171,89,104,143,99,150,196,259,549,57
39023,Ohio,Clark,"2,714",654,435,393,791,441,611,867,"1,236","2,399",314
39025,Ohio,Clermont,"3,619","1,084",558,531,929,517,"1,127",945,"1,547","3,345",274
39027,Ohio,Clinton,794,197,137,113,212,135,195,261,338,740,53
39029,Ohio,Columbiana,"1,782",486,256,265,452,323,415,491,876,"1,645",136
39031,Ohio,Coshocton,659,203,93,92,176,95,169,165,325,608,50
39033,Ohio,Crawford,611,187,92,78,159,95,138,157,316,570,41
39035,Ohio,Cuyahoga,"14,089","3,860","1,987","1,783","3,736","2,723","3,551","4,241","6,297","12,465","1,624"
39037,Ohio,Darke,733,189,122,109,189,124,184,213,336,680,53
39039,Ohio,Defiance,765,287,124,98,151,105,167,184,414,725,40
39041,Ohio,Delaware,"2,269",600,329,329,603,408,740,675,854,"2,062",207
39043,Ohio,Erie,"1,185",290,165,145,365,220,283,342,560,"1,061",124
39045,Ohio,Fairfield,"2,883",718,441,399,806,519,931,923,"1,029","2,574",309
39047,Ohio,Fayette,487,123,74,61,148,81,142,120,225,455,32
39049,Ohio,Franklin,"13,100","3,553","2,145","1,918","3,497","1,987","4,299","4,032","4,768","11,398","1,701"
39051,Ohio,Fulton,619,178,96,110,151,84,179,164,276,560,59
39053,Ohio,Gallia,573,172,71,78,144,108,121,163,289,538,35
39055,Ohio,Geauga,"1,306",470,207,160,261,208,288,309,709,"1,221",85
39057,Ohio,Greene,"6,280","1,476",920,913,"1,790","1,181","1,540","2,730","2,010","5,268","1,012"
39059,Ohio,Guernsey,779,187,114,98,215,165,192,218,369,709,70
39061,Ohio,Hamilton,"8,069","2,483","1,346","1,169","1,914","1,157","2,265","2,198","3,606","7,251",818
39063,Ohio,Hancock,"1,050",375,158,144,241,132,293,255,502,956,94
39065,Ohio,Hardin,408,114,55,68,114,57,112,89,207,388,20
39067,Ohio,Harrison,257,71,43,35,71,37,58,58,141,237,20
39069,Ohio,Henry,335,109,56,47,76,47,86,87,162,318,17
39071,Ohio,Highland,843,238,115,99,232,159,181,268,394,782,61
39073,Ohio,Hocking,512,123,59,84,152,94,124,141,247,468,44
39075,Ohio,Holmes,289,65,48,37,75,64,65,61,163,273,16
39077,Ohio,Huron,830,221,118,103,221,167,248,211,371,771,59
39079,Ohio,Jackson,710,184,89,97,195,145,149,223,338,663,47
39081,Ohio,Jefferson,"1,201",360,170,182,292,197,230,344,627,"1,120",81
39083,Ohio,Knox,949,291,158,136,231,133,243,273,433,874,75
39085,Ohio,Lake,"3,621","1,078",547,464,890,642,939,929,"1,753","3,313",307
39087,Ohio,Lawrence,"1,280",281,146,145,411,297,233,433,614,"1,206",74
39089,Ohio,Licking,"3,681","1,223",585,505,852,516,977,"1,114","1,590","3,363",318
39091,Ohio,Logan,720,211,125,112,160,112,195,179,346,653,67
39093,Ohio,Lorain,"4,482","1,188",634,643,"1,223",794,"1,219","1,368","1,895","4,025",457
39095,Ohio,Lucas,"4,600","1,350",712,639,"1,172",727,"1,192","1,340","2,068","4,155",445
39097,Ohio,Madison,548,150,85,82,150,81,162,162,224,507,41
39099,Ohio,Mahoning,"3,226",806,444,384,840,752,749,944,"1,533","2,936",289
39101,Ohio,Marion,913,263,143,130,225,152,242,255,416,846,66
39103,Ohio,Medina,"2,470",685,354,322,634,475,765,656,"1,049","2,280",190
39105,Ohio,Meigs,479,120,67,64,133,95,84,148,247,454,25
39107,Ohio,Mercer,442,123,62,79,113,65,89,111,242,416,26
39109,Ohio,Miami,"1,990",437,294,317,553,389,630,634,725,"1,762",227
39111,Ohio,Monroe,282,97,34,44,65,42,38,78,166,,
39113,Ohio,Montgomery,"11,311","2,639","1,712","1,711","3,221","2,028","2,941","4,306","4,064","9,597","1,714"
39115,Ohio,Morgan,406,117,53,65,104,67,86,104,216,382,24
39117,Ohio,Morrow,629,192,112,87,141,97,170,176,283,586,42
39119,Ohio,Muskingum,"1,352",396,196,186,356,218,367,371,614,"1,249",103
39121,Ohio,Noble,300,87,42,50,67,54,42,89,169,288,12
39123,Ohio,Ottawa,777,238,126,93,188,132,163,219,395,727,50
39125,Ohio,Paulding,319,108,55,49,57,50,51,92,176,293,26
39127,Ohio,Perry,578,164,85,87,160,82,161,161,256,544,34
39129,Ohio,Pickaway,"1,159",291,182,169,331,186,364,320,475,"1,089",70
39131,Ohio,Pike,702,231,82,97,169,123,142,215,345,655,47
39133,Ohio,Portage,"2,300",643,339,299,624,395,638,656,"1,006","2,092",208
39135,Ohio,Preble,694,177,97,106,184,130,183,173,338,643,51
39137,Ohio,Putnam,326,95,63,48,76,44,97,76,153,311,14
39139,Ohio,Richland,"2,150",638,349,298,527,338,546,568,"1,036","1,984",166
39141,Ohio,Ross,"1,814",499,268,250,481,316,414,626,774,"1,652",161
39143,Ohio,Sandusky,928,307,155,145,205,116,247,247,434,858,70
39145,Ohio,Scioto,"1,490",429,212,173,401,275,306,455,729,"1,402",87
39147,Ohio,Seneca,698,220,115,107,147,109,165,188,345,658,40
39149,Ohio,Shelby,612,167,97,103,144,101,192,149,271,558,54
39151,Ohio,Stark,"5,229","1,360",779,694,"1,485",911,"1,436","1,447","2,345","4,753",476
39153,Ohio,Summit,"6,266","1,707",857,844,"1,696","1,162","1,885","1,687","2,693","5,611",655
39155,Ohio,Trumbull,"3,505","1,007",447,475,911,665,737,"1,025","1,743","3,245",260
39157,Ohio,Tuscarawas,"1,536",474,199,243,389,231,398,394,744,"1,446",90
39159,Ohio,Union,960,288,144,146,245,137,331,263,366,872,88
39161,Ohio,Van Wert,385,123,61,45,94,62,89,114,182,363,22
39163,Ohio,Vinton,287,63,38,43,85,58,51,77,159,274,13
39165,Ohio,Warren,"3,686",916,547,528,"1,015",680,"1,109","1,273","1,304","3,315",371
39167,Ohio,Washington,"1,300",349,163,152,377,259,315,375,610,"1,212",88
39169,Ohio,Wayne,"1,344",405,219,201,326,193,396,323,625,"1,225",119
39171,Ohio,Williams,617,202,91,70,146,108,155,168,294,573,44
39173,Ohio,Wood,"1,495",449,215,223,367,241,481,428,586,"1,380",115
39175,Ohio,Wyandot,270,88,43,47,53,39,77,64,129,253,17
40001,Oklahoma,Adair,370,85,34,30,142,79,67,95,208,350,20
40003,Oklahoma,Alfalfa,95,33,,,24,16,17,35,43,,
40005,Oklahoma,Atoka,355,76,42,50,114,73,66,94,195,327,28
40007,Oklahoma,Beaver,50,19,,,12,11,,,32,,
40009,Oklahoma,Beckham,316,72,39,35,108,62,92,75,149,295,21
40011,Oklahoma,Blaine,155,43,14,22,46,30,34,38,83,142,13
40013,Oklahoma,Bryan,"1,168",263,138,155,357,255,294,287,587,"1,088",80
40015,Oklahoma,Caddo,621,140,56,65,191,169,127,186,308,574,47
40017,Oklahoma,Canadian,"5,006",910,485,613,"1,601","1,397","1,849","1,654","1,503","4,360",646
40019,Oklahoma,Carter,"1,111",220,131,172,334,254,248,301,562,"1,027",84
40021,Oklahoma,Cherokee,"1,305",231,130,167,456,321,288,369,648,"1,206",99
40023,Oklahoma,Choctaw,372,75,49,52,105,91,55,86,231,357,15
40025,Oklahoma,Cimarron,15,,,,,,,,,,
40027,Oklahoma,Cleveland,"9,952","1,845",958,"1,189","3,160","2,800","2,939","3,557","3,456","8,753","1,199"
40029,Oklahoma,Coal,121,24,13,19,35,30,23,33,65,,
40031,Oklahoma,Comanche,"9,920",990,709,833,"2,982","4,406","2,636","4,236","3,048","8,432","1,488"
40033,Oklahoma,Cotton,191,41,17,19,57,57,42,61,88,175,16
40035,Oklahoma,Craig,344,96,26,41,98,83,61,79,204,324,20
40037,Oklahoma,Creek,"1,650",355,192,202,552,349,374,448,828,"1,534",116
40039,Oklahoma,Custer,451,104,48,63,132,104,120,100,231,421,30
40041,Oklahoma,Delaware,"1,154",216,119,132,373,314,181,318,655,"1,068",86
40043,Oklahoma,Dewey,65,17,,,24,10,18,20,27,,
40045,Oklahoma,Ellis,65,16,,,20,14,17,18,30,,
40047,Oklahoma,Garfield,"1,558",356,189,197,486,330,475,482,601,"1,392",166
40049,Oklahoma,Garvin,709,153,74,88,224,170,147,166,396,652,57
40051,Oklahoma,Grady,"1,648",345,153,209,488,453,426,504,718,"1,513",134
40053,Oklahoma,Grant,61,23,,,19,,10,19,32,,
40055,Oklahoma,Greer,168,31,16,20,58,43,43,50,75,147,21
40057,Oklahoma,Harmon,60,15,,13,14,,10,19,31,,
40059,Oklahoma,Harper,48,15,,,10,,,,29,,
40061,Oklahoma,Haskell,378,77,38,42,127,94,60,95,223,356,22
40063,Oklahoma,Hughes,360,63,30,57,113,97,54,114,192,330,30
40065,Oklahoma,Jackson,"1,482",265,193,207,473,344,398,550,534,"1,282",200
40067,Oklahoma,Jefferson,124,25,,,47,32,18,28,78,,
40069,Oklahoma,Johnston,291,62,35,38,98,58,60,72,159,274,17
40071,Oklahoma,Kay,918,226,111,107,276,198,231,234,453,864,54
40073,Oklahoma,Kingfisher,220,53,26,30,72,39,62,60,98,206,14
40075,Oklahoma,Kiowa,244,58,22,26,74,64,53,66,125,,
40077,Oklahoma,Latimer,350,79,38,41,108,84,42,96,212,331,19
40079,Oklahoma,Le Flore,"1,397",271,171,168,458,329,246,410,741,"1,306",91
40081,Oklahoma,Lincoln,"1,079",214,140,131,344,250,260,330,489,984,95
40083,Oklahoma,Logan,"1,574",265,159,191,504,455,451,569,554,"1,412",162
40085,Oklahoma,Love,233,64,19,24,73,53,44,61,128,215,18
40087,Oklahoma,McClain,"1,514",282,137,180,459,456,411,451,652,"1,373",141
40089,Oklahoma,McCurtain,649,140,80,109,190,130,129,178,342,604,45
40091,Oklahoma,McIntosh,754,136,75,83,255,205,110,198,446,698,56
40093,Oklahoma,Major,98,29,11,12,29,17,27,27,44,,
40095,Oklahoma,Marshall,428,97,32,52,135,112,68,107,253,409,19
40097,Oklahoma,Mayes,"1,080",249,116,115,368,232,255,289,536,"1,006",74
40099,Oklahoma,Murray,404,64,43,40,139,118,81,123,200,376,28
40101,Oklahoma,Muskogee,"2,368",512,259,272,796,529,515,711,"1,142","2,135",233
40103,Oklahoma,Noble,211,61,26,20,60,44,58,59,94,200,11
40105,Oklahoma,Nowata,196,47,29,23,54,43,44,45,107,178,18
40107,Oklahoma,Okfuskee,274,61,27,31,85,70,71,64,139,252,22
40109,Oklahoma,Oklahoma,"20,451","4,018","2,186","2,457","6,532","5,258","5,950","7,001","7,499","17,753","2,697"
40111,Oklahoma,Okmulgee,"1,108",227,139,154,350,238,216,289,603,"1,026",82
40113,Oklahoma,Osage,"1,162",304,143,151,328,236,233,308,620,"1,089",73
40115,Oklahoma,Ottawa,788,192,97,103,230,166,136,225,427,742,46
40117,Oklahoma,Pawnee,401,98,43,67,106,87,79,96,226,367,34
40119,Oklahoma,Payne,"1,348",294,169,186,415,284,449,327,572,"1,214",134
40121,Oklahoma,Pittsburg,"1,769",374,192,238,565,400,310,532,926,"1,654",115
40123,Oklahoma,Pontotoc,857,163,95,106,311,182,203,208,446,785,72
40125,Oklahoma,Pottawatomie,"2,272",453,220,277,751,571,555,712,"1,005","2,066",206
40127,Oklahoma,Pushmataha,369,68,44,47,119,91,53,89,227,340,29
40129,Oklahoma,Roger Mills,48,11,,,10,12,10,15,23,,
40131,Oklahoma,Rogers,"2,811",683,305,365,843,615,722,829,"1,260","2,574",236
40133,Oklahoma,Seminole,613,121,56,86,204,146,109,195,309,571,42
40135,Oklahoma,Sequoyah,"1,298",209,100,167,456,366,239,387,672,"1,202",96
40137,Oklahoma,Stephens,"1,504",288,151,191,465,409,291,429,783,"1,388",116
40139,Oklahoma,Texas,126,46,14,16,34,16,32,38,56,,
40141,Oklahoma,Tillman,196,39,16,26,58,57,35,80,81,179,17
40143,Oklahoma,Tulsa,"12,099","2,992","1,483","1,540","3,716","2,368","3,483","3,549","5,067","10,955","1,143"
40145,Oklahoma,Wagoner,"2,488",552,247,292,813,584,625,749,"1,114","2,291",197
40147,Oklahoma,Washington,"1,245",295,151,151,397,251,304,310,631,"1,160",85
40149,Oklahoma,Washita,176,42,18,21,52,43,40,44,92,164,12
40151,Oklahoma,Woods,119,36,19,15,28,21,21,45,53,109,10
40153,Oklahoma,Woodward,316,90,42,43,86,55,81,74,161,295,21
41001,Oregon,Baker,657,191,106,98,173,89,115,160,382,619,38
41003,Oregon,Benton,"1,474",399,212,222,420,221,478,392,604,"1,304",170
41005,Oregon,Clackamas,"6,858","1,886","1,110","1,031","1,833",998,"1,997","1,834","3,027","6,238",617
41007,Oregon,Clatsop,"1,079",314,160,159,268,178,221,310,548,988,91
41009,Oregon,Columbia,"1,459",380,230,238,391,220,375,414,670,"1,328",131
41011,Oregon,Coos,"2,344",491,270,277,721,585,410,608,"1,326","2,150",194
41013,Oregon,Crook,847,237,118,128,214,150,198,187,462,773,74
41015,Oregon,Curry,799,213,82,91,224,189,124,181,494,737,62
41017,Oregon,Deschutes,"4,313","1,132",619,629,"1,187",746,"1,309","1,040","1,963","3,927",386
41019,Oregon,Douglas,"4,730",841,499,588,"1,502","1,300",868,"1,237","2,625","4,292",438
41021,Oregon,Gilliam,61,17,,10,19,,,,41,,
41023,Oregon,Grant,259,61,41,39,73,45,55,52,152,241,18
41025,Oregon,Harney,226,57,28,28,78,35,36,51,139,208,18
41027,Oregon,Hood River,363,107,65,57,89,45,87,90,186,338,25
41029,Oregon,Jackson,"5,998","1,530",767,820,"1,723","1,158","1,367","1,684","2,947","5,460",537
41031,Oregon,Jefferson,643,169,77,98,176,123,122,148,373,597,46
41033,Oregon,Josephine,"2,828",632,359,386,817,634,592,672,"1,564","2,592",236
41035,Oregon,Klamath,"2,560",562,341,322,792,543,595,720,"1,245","2,303",257
41037,Oregon,Lake,324,76,40,41,103,64,46,87,191,300,23
41039,Oregon,Lane,"7,974","1,786",982,"1,046","2,372","1,788","2,189","2,006","3,778","7,161",812
41041,Oregon,Lincoln,"1,500",438,187,203,405,267,209,368,923,"1,367",133
41043,Oregon,Linn,"3,423",822,458,484,"1,065",594,934,948,"1,541","3,096",326
41045,Oregon,Malheur,457,103,64,77,134,79,106,132,218,420,37
41047,Oregon,Marion,"5,449","1,354",851,837,"1,564",843,"1,554","1,568","2,327","4,886",563
41049,Oregon,Morrow,254,71,34,27,71,51,65,59,130,237,17
41051,Oregon,Multnomah,"8,518","2,223","1,340","1,318","2,392","1,245","2,943","2,390","3,184","7,432","1,086"
41053,Oregon,Polk,"1,926",484,293,274,561,314,536,560,830,"1,726",200
41055,Oregon,Sherman,60,27,,,,,16,17,27,,
41057,Oregon,Tillamook,765,194,118,106,223,124,110,175,480,709,56
41059,Oregon,Umatilla,"1,626",429,241,233,444,279,392,451,783,"1,495",131
41061,Oregon,Union,679,186,83,115,166,129,173,166,340,622,57
41063,Oregon,Wallowa,224,74,27,33,61,29,37,56,131,206,18
41065,Oregon,Wasco,640,180,99,98,174,89,134,173,333,593,46
41067,Oregon,Washington,"8,442","2,264","1,352","1,325","2,270","1,231","3,112","2,285","3,044","7,531",910
41069,Oregon,Wheeler,45,13,,,12,,,,33,,
41071,Oregon,Yamhill,"1,845",509,288,283,496,269,541,470,834,"1,692",153
42001,Pennsylvania,Adams,"1,557",383,223,237,421,293,398,511,648,"1,354",202
42003,Pennsylvania,Allegheny,"12,702","3,797","1,885","1,829","3,029","2,162","3,425","3,443","5,834","11,446","1,256"
42005,Pennsylvania,Armstrong,950,237,124,131,243,215,224,230,496,885,65
42007,Pennsylvania,Beaver,"2,497",697,399,359,639,403,592,695,"1,210","2,285",211
42009,Pennsylvania,Bedford,866,233,135,118,230,150,157,264,445,809,57
42011,Pennsylvania,Berks,"3,888",920,514,521,"1,137",796,"1,128","1,082","1,678","3,530",358
42013,Pennsylvania,Blair,"2,450",603,348,347,701,451,534,728,"1,188","2,247",203
42015,Pennsylvania,Bradford,"1,035",243,146,133,306,207,264,315,456,946,89
42017,Pennsylvania,Bucks,"5,499","1,260",726,725,"1,633","1,155","1,511","1,350","2,637","5,090",408
42019,Pennsylvania,Butler,"2,920",775,442,408,692,603,774,822,"1,324","2,680",239
42021,Pennsylvania,Cambria,"2,574",702,363,376,687,446,559,727,"1,288","2,387",186
42023,Pennsylvania,Cameron,106,28,12,18,34,14,23,27,56,,
42025,Pennsylvania,Carbon,"1,040",230,123,132,321,234,263,269,508,963,77
42027,Pennsylvania,Centre,"1,801",536,254,235,500,276,519,508,774,"1,635",166
42029,Pennsylvania,Chester,"4,959","1,134",601,598,"1,489","1,137","1,285","1,394","2,280","4,522",437
42031,Pennsylvania,Clarion,557,142,74,85,157,99,140,163,254,517,40
42033,Pennsylvania,Clearfield,"1,426",364,245,199,342,276,316,429,681,"1,327",99
42035,Pennsylvania,Clinton,932,285,114,134,232,167,183,261,488,865,67
42037,Pennsylvania,Columbia,966,233,134,114,291,194,259,292,415,882,84
42039,Pennsylvania,Crawford,"1,726",502,218,240,420,346,381,491,854,"1,597",129
42041,Pennsylvania,Cumberland,"4,749","1,050",758,677,"1,389",875,"1,243","1,801","1,705","4,168",580
42043,Pennsylvania,Dauphin,"3,843",837,499,544,"1,190",773,"1,094","1,343","1,406","3,341",501
42045,Pennsylvania,Delaware,"4,642",999,546,563,"1,431","1,103","1,210","1,272","2,160","4,165",476
42047,Pennsylvania,Elk,432,114,71,66,118,63,101,105,226,398,34
42049,Pennsylvania,Erie,"4,777","1,435",634,618,"1,244",846,"1,210","1,351","2,216","4,372",405
42051,Pennsylvania,Fayette,"1,936",481,283,279,547,346,377,543,"1,016","1,813",123
42053,Pennsylvania,Forest,129,35,14,28,31,21,16,38,75,,
42055,Pennsylvania,Franklin,"2,648",646,442,385,700,475,702,901,"1,045","2,366",281
42057,Pennsylvania,Fulton,200,47,29,28,47,49,53,63,84,185,15
42059,Pennsylvania,Greene,554,127,92,85,164,86,120,156,278,511,43
42061,Pennsylvania,Huntingdon,747,199,126,132,172,118,150,215,382,691,56
42063,Pennsylvania,Indiana,"1,097",280,176,152,283,206,288,296,513,"1,026",71
42065,Pennsylvania,Jefferson,665,186,107,86,168,118,153,162,350,618,47
42067,Pennsylvania,Juniata,207,52,26,30,66,33,53,62,92,184,23
42069,Pennsylvania,Lackawanna,"2,808",642,329,338,843,656,726,714,"1,368","2,588",220
42071,Pennsylvania,Lancaster,"4,791","1,156",663,656,"1,317",999,"1,442","1,303","2,046","4,303",488
42073,Pennsylvania,Lawrence,"1,223",329,192,167,297,238,316,367,540,"1,122",101
42075,Pennsylvania,Lebanon,"2,589",598,344,327,728,592,613,899,"1,077","2,301",288
42077,Pennsylvania,Lehigh,"3,004",708,416,386,861,633,919,787,"1,298","2,721",283
42079,Pennsylvania,Luzerne,"4,719","1,122",555,634,"1,369","1,039","1,021","1,303","2,395","4,359",360
42081,Pennsylvania,Lycoming,"1,944",502,264,285,555,338,547,580,817,"1,767",177
42083,Pennsylvania,McKean,776,225,90,102,202,157,158,211,407,730,46
42085,Pennsylvania,Mercer,"1,620",390,242,220,411,357,438,463,719,"1,459",161
42087,Pennsylvania,Mifflin,613,139,92,88,170,124,158,184,271,563,50
42089,Pennsylvania,Monroe,"2,171",444,233,255,635,604,581,637,953,"1,960",211
42091,Pennsylvania,Montgomery,"6,634","1,470",859,884,"1,992","1,429","1,858","1,822","2,953","6,005",629
42093,Pennsylvania,Montour,276,66,39,25,92,54,86,80,110,257,19
42095,Pennsylvania,Northampton,"2,842",654,371,382,835,600,783,730,"1,329","2,600",242
42097,Pennsylvania,Northumberland,"1,298",330,192,175,342,259,307,391,600,"1,195",103
42099,Pennsylvania,Perry,754,185,107,114,224,124,185,249,320,681,73
42101,Pennsylvania,Philadelphia,"12,082","2,272","1,268","1,411","4,131","3,000","3,137","3,603","5,341","10,680","1,400"
42103,Pennsylvania,Pike,"1,033",201,115,130,329,258,290,281,462,952,81
42105,Pennsylvania,Potter,393,117,42,44,102,88,73,105,215,367,26
42107,Pennsylvania,Schuylkill,"2,092",432,287,288,648,437,467,612,"1,013","1,910",182
42109,Pennsylvania,Snyder,374,95,57,57,96,69,84,108,182,350,24
42111,Pennsylvania,Somerset,"1,181",293,197,168,313,210,244,322,615,"1,115",66
42113,Pennsylvania,Sullivan,118,30,19,14,27,28,25,28,65,,
42115,Pennsylvania,Susquehanna,605,132,81,89,187,116,155,145,305,562,43
42117,Pennsylvania,Tioga,940,240,125,130,250,195,206,279,455,880,60
42119,Pennsylvania,Union,404,88,55,66,109,86,115,120,169,373,31
42121,Pennsylvania,Venango,997,286,132,145,256,178,205,303,489,931,66
42123,Pennsylvania,Warren,"1,049",409,141,126,219,154,194,305,550,988,61
42125,Pennsylvania,Washington,"2,759",773,444,402,656,484,613,722,"1,424","2,560",199
42127,Pennsylvania,Wayne,884,210,104,103,240,227,209,229,446,800,84
42129,Pennsylvania,Westmoreland,"4,587","1,320",744,650,"1,093",780,"1,125","1,173","2,289","4,242",344
42131,Pennsylvania,Wyoming,421,81,48,60,133,99,99,117,205,391,30
42133,Pennsylvania,York,"6,443","1,481",894,893,"1,893","1,282","1,932","2,224","2,287","5,700",741
44001,Rhode Island,Bristol,701,214,101,88,178,120,162,191,348,641,60
44003,Rhode Island,Kent,"3,016",827,414,388,853,534,816,849,"1,351","2,765",251
44005,Rhode Island,Newport,"1,809",473,253,273,529,281,341,652,816,"1,589",220
44007,Rhode Island,Providence,"7,015","1,970",918,978,"1,959","1,190","1,929","1,791","3,295","6,438",577
44009,Rhode Island,Washington,"2,040",597,299,278,547,319,421,586,"1,033","1,887",149
45001,South Carolina,Abbeville,584,101,59,85,193,146,102,168,314,533,51
45003,South Carolina,Aiken,"4,761",856,578,627,"1,479","1,221","1,371","1,681","1,709","4,078",683
45005,South Carolina,Allendale,171,29,16,25,57,44,17,73,81,155,16
45007,South Carolina,Anderson,"3,935",755,503,574,"1,205",898,922,"1,231","1,782","3,578",357
45009,South Carolina,Bamberg,296,61,33,37,99,66,43,109,144,264,32
45011,South Carolina,Barnwell,408,76,34,60,146,92,77,154,177,363,45
45013,South Carolina,Beaufort,"5,937","1,178",773,805,"1,784","1,397","1,695","1,986","2,256","5,078",859
45015,South Carolina,Berkeley,"9,972","1,852","1,223","1,510","3,233","2,154","3,159","3,891","2,921","8,328","1,644"
45017,South Carolina,Calhoun,414,74,51,48,146,95,90,142,182,372,42
45019,South Carolina,Charleston,"9,430","2,057","1,299","1,362","2,770","1,942","2,640","3,219","3,571","8,082","1,348"
45021,South Carolina,Cherokee,894,173,96,138,284,203,200,275,419,817,77
45023,South Carolina,Chester,603,122,61,63,205,152,114,178,311,564,39
45025,South Carolina,Chesterfield,891,151,100,118,303,219,197,285,409,794,97
45027,South Carolina,Clarendon,"1,065",235,106,161,304,259,137,322,606,973,92
45029,South Carolina,Colleton,"1,040",189,115,163,330,243,191,393,456,914,125
45031,South Carolina,Darlington,"1,214",202,142,162,422,286,248,395,571,"1,099",115
45033,South Carolina,Dillon,525,80,57,56,199,133,129,194,202,456,69
45035,South Carolina,Dorchester,"7,171","1,377",925,"1,040","2,304","1,525","2,133","3,037","2,001","6,008","1,163"
45037,South Carolina,Edgefield,725,123,83,111,240,168,175,282,268,637,88
45039,South Carolina,Fairfield,655,115,76,80,197,187,84,282,289,574,81
45041,South Carolina,Florence,"2,855",465,300,400,979,711,631,"1,072","1,152","2,502",353
45043,South Carolina,Georgetown,"1,511",337,175,180,465,354,247,439,825,"1,346",165
45045,South Carolina,Greenville,"8,360","1,741","1,070","1,069","2,555","1,925","2,494","2,671","3,193","7,395",964
45047,South Carolina,Greenwood,"1,255",226,129,156,426,318,226,380,649,"1,152",103
45049,South Carolina,Hampton,414,77,47,55,146,89,90,158,166,371,43
45051,South Carolina,Horry,"10,076","2,098","1,112","1,204","2,968","2,694","1,818","3,025","5,233","9,140",936
45053,South Carolina,Jasper,765,132,86,113,232,202,161,261,343,665,100
45055,South Carolina,Kershaw,"2,999",398,269,370,931,"1,031",788,"1,249",962,"2,488",511
45057,South Carolina,Lancaster,"1,874",361,225,216,534,538,435,593,846,"1,680",194
45059,South Carolina,Laurens,"1,293",229,143,185,399,337,225,411,657,"1,190",103
45061,South Carolina,Lee,394,69,41,51,135,98,74,147,173,343,51
45063,South Carolina,Lexington,"8,028","1,345",863,"1,003","2,503","2,314","2,460","2,936","2,632","6,933","1,094"
45065,South Carolina,McCormick,344,66,29,44,113,92,27,121,196,307,37
45067,South Carolina,Marion,734,122,72,95,253,192,135,276,323,640,94
45069,South Carolina,Marlboro,525,96,56,69,158,146,82,198,245,474,51
45071,South Carolina,Newberry,729,132,95,91,224,187,135,215,379,662,67
45073,South Carolina,Oconee,"1,624",340,185,208,473,418,346,434,844,"1,503",120
45075,South Carolina,Orangeburg,"2,000",382,224,265,655,474,373,674,953,"1,753",247
45077,South Carolina,Pickens,"2,077",465,299,254,613,446,600,544,933,"1,902",174
45079,South Carolina,Richland,"18,935","2,294","1,538","1,985","5,918","7,200","4,965","8,205","5,765","14,612","4,322"
45081,South Carolina,Saluda,361,65,40,47,123,86,68,122,171,339,22
45083,South Carolina,Spartanburg,"5,619","1,105",647,790,"1,736","1,341","1,671","1,746","2,202","5,012",607
45085,South Carolina,Sumter,"6,018",949,663,806,"1,915","1,685","1,393","2,672","1,953","4,917","1,101"
45087,South Carolina,Union,527,95,67,72,168,125,83,204,240,489,38
45089,South Carolina,Williamsburg,773,131,80,97,256,209,146,275,352,675,98
45091,South Carolina,York,"5,201",957,586,644,"1,616","1,398","1,561","1,791","1,849","4,582",618
46003,South Dakota,Aurora,56,13,,14,,14,10,12,34,,
46005,South Dakota,Beadle,247,108,31,29,49,30,43,64,140,228,19
46007,South Dakota,Bennett,40,10,,,12,,13,11,16,,
46009,South Dakota,Bon Homme,129,51,30,17,18,13,27,35,67,,
46011,South Dakota,Brookings,502,182,76,70,100,74,150,133,219,457,45
46013,South Dakota,Brown,632,216,102,78,135,101,153,207,272,580,52
46015,South Dakota,Brule,71,30,12,,11,,12,25,34,,
46017,South Dakota,Buffalo,19,,,,,,,,13,,
46019,South Dakota,Butte,310,74,49,45,98,44,66,94,150,282,28
46021,South Dakota,Campbell,20,,,,,,,,14,,
46023,South Dakota,Charles Mix,147,54,22,20,33,18,27,41,79,,
46025,South Dakota,Clark,56,18,10,,16,,10,14,32,,
46027,South Dakota,Clay,215,64,27,35,61,28,67,64,84,199,16
46029,South Dakota,Codington,533,177,76,61,134,85,110,181,242,496,37
46031,South Dakota,Corson,55,12,,,22,,11,19,25,,
46033,South Dakota,Custer,477,125,61,66,142,83,66,167,244,419,58
46035,South Dakota,Davison,448,150,65,46,103,84,77,135,236,420,28
46037,South Dakota,Day,148,55,15,14,41,23,28,32,88,,
46039,South Dakota,Deuel,94,38,12,15,19,10,13,36,45,84,10
46041,South Dakota,Dewey,69,14,,13,23,,23,22,24,,
46043,South Dakota,Douglas,39,15,,,,,,,21,,
46045,South Dakota,Edmunds,43,17,10,,,,,,23,,
46047,South Dakota,Fall River,537,138,63,64,152,120,69,170,298,485,52
46049,South Dakota,Faulk,34,,,,,,,,20,,
46051,South Dakota,Grant,168,65,29,18,28,28,21,41,106,,
46053,South Dakota,Gregory,81,25,,,28,13,19,23,39,,
46055,South Dakota,Haakon,18,,,,,,,,10,,
46057,South Dakota,Hamlin,94,31,18,13,20,12,18,30,46,83,11
46059,South Dakota,Hand,49,19,,10,,,,,32,,
46061,South Dakota,Hanson,87,30,10,15,22,10,14,29,44,76,11
46063,South Dakota,Harding,17,,,,,,,,,,
46065,South Dakota,Hughes,300,92,49,45,84,30,64,104,132,271,29
46067,South Dakota,Hutchinson,135,37,22,19,28,29,29,42,64,123,12
46069,South Dakota,Hyde,20,,,,,,,,15,,
46071,South Dakota,Jackson,19,,,,,,,10,,,
46073,South Dakota,Jerauld,43,17,,,,,,,27,,
46075,South Dakota,Jones,,,,,,,,,,,
46077,South Dakota,Kingsbury,111,36,16,21,27,11,25,35,51,,
46079,South Dakota,Lake,283,112,37,36,64,34,66,62,155,255,28
46081,South Dakota,Lawrence,781,194,105,131,215,136,160,272,349,700,81
46083,South Dakota,Lincoln,"1,369",393,186,199,363,228,420,435,514,"1,199",170
46085,South Dakota,Lyman,51,17,,,12,,11,13,27,,
46087,South Dakota,McCook,119,41,21,14,28,15,30,40,49,,
46089,South Dakota,McPherson,38,10,,,10,,,,17,,
46091,South Dakota,Marshall,51,15,,10,10,,,,31,,
46093,South Dakota,Meade,"1,551",350,231,246,476,248,430,621,500,"1,332",219
46095,South Dakota,Mellette,24,,,,,,,11,,,
46097,South Dakota,Miner,43,16,,,10,,,,29,,
46099,South Dakota,Minnehaha,"4,146","1,342",618,569,"1,019",598,"1,128","1,356","1,662","3,714",432
46101,South Dakota,Moody,119,35,17,17,26,24,28,37,54,106,13
46102,South Dakota,Oglala Lakota,155,39,16,20,59,21,35,67,53,130,25
46103,South Dakota,Pennington,"4,837","1,225",755,820,"1,332",705,"1,191","1,894","1,752","4,218",619
46105,South Dakota,Perkins,67,22,,11,16,,15,17,35,,
46107,South Dakota,Potter,43,12,,,10,,,,30,,
46109,South Dakota,Roberts,167,49,24,25,43,26,32,45,90,,
46111,South Dakota,Sanborn,61,21,11,12,,,,,39,,
46115,South Dakota,Spink,98,32,21,13,21,11,19,34,45,86,12
46117,South Dakota,Stanley,71,14,17,10,19,11,12,15,44,,
46119,South Dakota,Sully,21,,,,,,,,14,,
46121,South Dakota,Todd,69,19,12,,18,,11,19,39,,
46123,South Dakota,Tripp,77,28,18,,16,,18,21,38,,
46125,South Dakota,Turner,212,82,28,23,49,30,51,62,99,197,15
46127,South Dakota,Union,333,92,46,55,85,55,66,105,162,304,29
46129,South Dakota,Walworth,98,30,14,17,15,22,11,35,52,87,11
46135,South Dakota,Yankton,437,173,58,55,90,61,82,148,207,398,39
46137,South Dakota,Ziebach,13,,,,,,,,,,
47001,Tennessee,Anderson,"1,951",545,263,262,484,397,516,600,834,"1,770",181
47003,Tennessee,Bedford,839,201,90,131,229,188,211,273,355,762,77
47005,Tennessee,Benton,406,75,48,50,136,97,76,136,194,365,41
47007,Tennessee,Bledsoe,285,66,38,42,70,69,54,89,142,263,22
47009,Tennessee,Blount,"3,578","1,031",483,449,928,687,762,"1,151","1,665","3,281",297
47011,Tennessee,Bradley,"1,930",451,235,235,585,424,515,601,814,"1,783",147
47013,Tennessee,Campbell,998,199,94,99,291,315,148,279,571,947,51
47015,Tennessee,Cannon,276,53,30,41,82,70,74,77,125,251,25
47017,Tennessee,Carroll,624,138,95,75,172,144,132,215,277,564,60
47019,Tennessee,Carter,"1,833",405,230,272,524,402,336,528,969,"1,672",161
47021,Tennessee,Cheatham,956,188,137,114,281,236,295,317,344,860,96
47023,Tennessee,Chester,310,67,41,46,91,65,81,95,134,285,25
47025,Tennessee,Claiborne,663,125,81,79,199,179,129,207,327,620,43
47027,Tennessee,Clay,159,38,13,21,40,47,25,59,75,148,11
47029,Tennessee,Cocke,964,224,96,143,267,234,157,282,525,883,80
47031,Tennessee,Coffee,"1,388",291,160,175,430,332,345,500,543,"1,247",141
47033,Tennessee,Crockett,234,61,21,29,65,58,45,61,128,215,19
47035,Tennessee,Cumberland,"1,871",489,246,237,487,412,245,466,"1,160","1,721",148
47037,Tennessee,Davidson,"7,974","1,856","1,071","1,023","2,393","1,631","2,726","2,498","2,749","6,890","1,083"
47039,Tennessee,Decatur,250,55,37,37,62,59,41,66,143,234,16
47041,Tennessee,DeKalb,317,75,35,41,91,75,99,84,134,293,24
47043,Tennessee,Dickson,"1,263",295,116,153,390,309,378,392,493,"1,138",125
47045,Tennessee,Dyer,604,173,81,63,164,123,135,154,315,559,45
47047,Tennessee,Fayette,938,228,129,97,277,207,187,324,427,840,98
47049,Tennessee,Fentress,474,103,58,63,145,105,85,149,240,429,45
47051,Tennessee,Franklin,"1,088",246,140,142,315,245,228,376,484,989,99
47053,Tennessee,Gibson,982,257,119,140,276,190,228,314,440,897,85
47055,Tennessee,Giles,573,148,58,85,125,157,109,184,280,525,48
47057,Tennessee,Grainger,501,122,61,53,143,122,77,155,269,470,31
47059,Tennessee,Greene,"1,934",522,267,232,527,386,366,537,"1,031","1,799",135
47061,Tennessee,Grundy,278,63,39,30,81,65,60,83,135,255,23
47063,Tennessee,Hamblen,"1,345",381,166,176,357,265,269,418,658,"1,244",101
47065,Tennessee,Hamilton,"6,224","1,376",722,803,"1,911","1,412","1,611","2,095","2,518","5,597",627
47067,Tennessee,Hancock,181,42,20,17,52,50,28,71,82,162,19
47069,Tennessee,Hardeman,398,84,52,52,115,95,63,111,223,364,34
47071,Tennessee,Hardin,592,159,80,66,169,118,116,150,326,553,39
47073,Tennessee,Hawkins,"1,707",412,197,223,512,363,293,545,869,"1,582",125
47075,Tennessee,Haywood,319,93,33,44,87,62,48,130,141,287,32
47077,Tennessee,Henderson,478,115,54,58,148,103,101,140,237,437,41
47079,Tennessee,Henry,932,184,108,120,278,242,215,293,424,852,80
47081,Tennessee,Hickman,467,103,49,60,151,104,118,136,213,429,38
47083,Tennessee,Houston,286,53,25,31,94,83,72,89,125,253,33
47085,Tennessee,Humphreys,471,98,47,57,153,116,97,159,215,435,36
47087,Tennessee,Jackson,282,60,43,29,89,61,61,91,130,262,20
47089,Tennessee,Jefferson,"1,497",368,178,206,393,352,335,400,762,"1,395",102
47091,Tennessee,Johnson,516,104,63,78,168,103,64,148,304,488,28
47093,Tennessee,Knox,"8,748","2,149","1,165","1,152","2,511","1,771","2,565","2,754","3,428","7,871",876
47095,Tennessee,Lake,86,26,,,24,16,14,36,36,,
47097,Tennessee,Lauderdale,357,90,53,40,102,72,68,101,188,330,27
47099,Tennessee,Lawrence,747,162,82,103,236,164,189,195,363,690,57
47101,Tennessee,Lewis,304,73,33,38,92,68,68,86,150,279,25
47103,Tennessee,Lincoln,769,162,80,96,238,193,183,287,299,683,86
47105,Tennessee,Loudon,"1,482",466,212,185,335,284,236,401,845,"1,361",121
47107,Tennessee,McMinn,"1,405",349,176,180,385,315,286,448,671,"1,285",120
47109,Tennessee,McNairy,517,127,70,68,150,102,82,155,280,475,42
47111,Tennessee,Macon,336,64,37,40,113,82,80,117,139,303,33
47113,Tennessee,Madison,"1,886",506,252,239,509,380,348,628,910,"1,644",242
47115,Tennessee,Marion,566,130,57,59,175,145,93,193,280,522,44
47117,Tennessee,Marshall,621,132,65,79,205,140,170,207,244,567,54
47119,Tennessee,Maury,"1,706",395,210,224,497,380,538,439,729,"1,553",153
47121,Tennessee,Meigs,327,72,39,40,110,66,71,96,160,305,22
47123,Tennessee,Monroe,"1,159",279,155,132,343,250,225,318,616,"1,065",94
47125,Tennessee,Montgomery,"21,211","2,332","1,800","2,251","7,195","7,633","8,629","8,747","3,833","17,091","4,119"
47127,Tennessee,Moore,167,26,23,19,53,46,43,52,72,157,10
47129,Tennessee,Morgan,551,136,72,73,151,119,122,163,266,511,40
47131,Tennessee,Obion,501,118,88,65,140,90,89,165,247,475,26
47133,Tennessee,Overton,411,78,54,52,123,104,84,120,207,380,31
47135,Tennessee,Perry,190,37,24,19,64,46,33,64,93,174,16
47137,Tennessee,Pickett,149,36,11,20,41,41,23,42,84,,
47139,Tennessee,Polk,397,90,52,44,105,106,83,125,189,365,32
47141,Tennessee,Putnam,"1,531",393,157,182,445,354,413,466,652,"1,390",141
47143,Tennessee,Rhea,702,168,96,86,175,177,159,227,316,647,53
47145,Tennessee,Roane,"1,538",402,170,187,439,340,357,488,693,"1,406",132
47147,Tennessee,Robertson,"1,521",314,173,191,494,349,480,508,533,"1,354",167
47149,Tennessee,Rutherford,"6,582","1,416",762,808,"2,037","1,559","2,224","2,437","1,921","5,648",934
47151,Tennessee,Scott,470,111,58,56,136,109,89,138,243,442,28
47153,Tennessee,Sequatchie,370,54,32,44,134,106,73,117,180,341,29
47155,Tennessee,Sevier,"2,492",651,329,335,659,518,477,692,"1,323","2,331",161
47157,Tennessee,Shelby,"13,987","3,216","1,795","1,745","4,035","3,196","2,977","5,756","5,254","11,887","2,100"
47159,Tennessee,Smith,359,87,41,56,103,72,115,112,132,328,31
47161,Tennessee,Stewart,"1,019",148,90,113,309,359,272,442,305,890,129
47163,Tennessee,Sullivan,"4,096","1,019",527,545,"1,167",838,884,"1,250","1,962","3,816",280
47165,Tennessee,Sumner,"3,706",794,446,484,"1,146",836,"1,157","1,224","1,325","3,328",378
47167,Tennessee,Tipton,"2,073",427,234,283,611,518,409,951,713,"1,759",313
47169,Tennessee,Trousdale,183,38,23,21,56,45,56,55,72,166,17
47171,Tennessee,Unicoi,559,149,68,62,164,116,93,139,327,521,38
47173,Tennessee,Union,404,101,55,54,101,93,66,123,215,380,24
47175,Tennessee,Van Buren,147,35,17,16,40,39,27,41,79,132,15
47177,Tennessee,Warren,706,155,81,92,197,181,158,228,320,646,60
47179,Tennessee,Washington,"4,127",974,500,545,"1,219",889,887,"1,409","1,831","3,737",390
47181,Tennessee,Wayne,261,67,29,42,62,61,48,91,122,250,11
47183,Tennessee,Weakley,559,118,76,83,175,107,129,187,243,508,51
47185,Tennessee,White,563,117,62,76,164,144,149,158,256,513,50
47187,Tennessee,Williamson,"2,640",642,378,346,727,547,791,946,903,"2,385",254
47189,Tennessee,Wilson,"3,081",731,337,381,911,721,945,"1,018","1,118","2,744",337
48001,Texas,Anderson,"1,082",221,146,144,334,237,271,314,497,976,106
48003,Texas,Andrews,137,37,14,30,40,16,63,39,35,,
48005,Texas,Angelina,"1,818",402,201,241,569,405,523,506,789,"1,644",174
48007,Texas,Aransas,829,202,94,110,226,197,155,271,403,751,78
48009,Texas,Archer,258,54,35,22,69,78,71,93,94,226,32
48011,Texas,Armstrong,55,12,,11,19,,18,18,19,,
48013,Texas,Atascosa,"1,521",311,160,181,432,437,399,534,588,"1,336",185
48015,Texas,Austin,428,96,62,64,125,81,137,121,170,384,44
48017,Texas,Bailey,54,16,,,16,,14,16,24,,
48019,Texas,Bandera,"1,200",214,131,165,363,327,244,438,518,"1,041",159
48021,Texas,Bastrop,"2,237",463,262,297,674,541,674,705,858,"1,937",300
48023,Texas,Baylor,70,20,,,19,12,16,15,39,,
48025,Texas,Bee,585,135,62,75,202,111,145,170,270,552,33
48027,Texas,Bell,"37,148","3,859","3,119","3,939","12,283","13,948","13,608","16,130","7,410","28,819","8,329"
48029,Texas,Bexar,"86,151","13,338","8,521","9,804","26,635","27,853","27,469","33,810","24,872","70,098","16,050"
48031,Texas,Blanco,351,82,46,45,95,83,73,115,163,303,48
48033,Texas,Borden,,,,,,,,,,,
48035,Texas,Bosque,471,126,52,48,126,119,125,97,249,424,47
48037,Texas,Bowie,"2,389",404,276,311,793,605,577,892,920,"2,121",268
48039,Texas,Brazoria,"7,643","1,454",802,938,"2,364","2,085","2,843","2,506","2,294","6,530","1,112"
48041,Texas,Brazos,"3,275",654,362,446,"1,036",777,"1,415",881,979,"2,886",388
48043,Texas,Brewster,211,55,21,31,59,45,65,59,87,184,27
48045,Texas,Briscoe,18,,,,,,,,10,,
48047,Texas,Brooks,128,39,14,11,40,24,22,23,83,,
48049,Texas,Brown,821,160,100,126,262,173,221,245,355,751,70
48051,Texas,Burleson,397,82,52,54,122,87,91,117,189,353,44
48053,Texas,Burnet,"1,288",281,159,162,386,300,327,380,581,"1,157",131
48055,Texas,Caldwell,851,176,111,112,268,184,224,237,390,760,91
48057,Texas,Calhoun,420,125,51,45,121,78,63,100,257,392,28
48059,Texas,Callahan,453,95,47,63,129,119,102,153,197,402,51
48061,Texas,Cameron,"7,783","1,594",685,779,"2,430","2,295","2,341","2,358","3,084","7,216",566
48063,Texas,Camp,225,41,33,25,69,57,54,69,102,204,21
48065,Texas,Carson,122,38,10,19,29,26,40,40,42,,
48067,Texas,Cass,864,144,94,129,286,211,197,288,379,783,81
48069,Texas,Castro,42,,,,11,12,,,28,,
48071,Texas,Chambers,881,165,88,121,294,213,390,279,212,781,100
48073,Texas,Cherokee,885,167,99,139,262,218,217,267,401,810,75
48075,Texas,Childress,96,33,,,26,20,20,35,41,,
48077,Texas,Clay,343,81,33,50,109,70,82,124,137,310,33
48079,Texas,Cochran,22,,,,,,,10,,,
48081,Texas,Coke,67,17,,,24,10,,,44,,
48083,Texas,Coleman,193,40,30,19,63,41,40,52,101,182,11
48085,Texas,Collin,"13,794","2,654","1,766","1,824","4,103","3,447","5,603","4,828","3,363","11,946","1,847"
48087,Texas,Collingsworth,35,10,,,11,,,,17,,
48089,Texas,Colorado,331,90,46,40,97,58,59,92,180,312,19
48091,Texas,Comal,"9,580","1,429",870,"1,059","2,700","3,522","2,408","4,193","2,979","7,977","1,601"
48093,Texas,Comanche,268,54,31,37,81,65,73,63,132,249,19
48095,Texas,Concho,60,11,,,15,15,,,37,,
48097,Texas,Cooke,692,177,85,99,199,132,204,151,337,637,55
48099,Texas,Coryell,"6,986",867,678,791,"2,376","2,274","2,449","2,912","1,625","5,548","1,438"
48101,Texas,Cottle,19,,,,,,,,,,
48103,Texas,Crane,36,10,,,11,,11,11,14,,
48105,Texas,Crockett,33,,,,,,,,14,,
48107,Texas,Crosby,73,17,,,23,12,17,26,30,,
48109,Texas,Culberson,35,,,,,,,,16,,
48111,Texas,Dallam,49,18,,,,,18,12,19,,
48113,Texas,Dallas,"25,704","5,091","3,222","3,390","8,051","5,950","9,349","8,205","8,149","21,671","4,033"
48115,Texas,Dawson,78,23,11,12,14,18,22,21,35,,
48117,Texas,Deaf Smith,103,21,17,14,32,19,26,30,47,92,11
48119,Texas,Delta,140,31,20,17,38,34,37,33,70,130,10
48121,Texas,Denton,"14,716","2,828","1,813","2,102","4,470","3,503","5,907","5,115","3,694","12,797","1,918"
48123,Texas,DeWitt,392,111,48,42,134,57,89,106,197,359,33
48125,Texas,Dickens,46,12,,,11,11,10,13,23,,
48127,Texas,Dimmit,124,29,14,20,38,23,22,42,60,,
48129,Texas,Donley,77,,13,,29,17,20,15,42,,
48131,Texas,Duval,194,48,20,31,49,46,23,54,117,,
48133,Texas,Eastland,370,90,41,57,105,77,93,98,179,340,30
48135,Texas,Ector,"1,413",336,176,225,436,240,612,387,414,"1,291",122
48137,Texas,Edwards,54,16,,,21,,,,32,,
48139,Texas,Ellis,"5,010",768,516,606,"1,589","1,531","1,858","1,905","1,247","4,184",826
48141,Texas,El Paso,"27,295","3,718","2,489","2,911","9,344","8,833","10,624","9,608","7,063","23,502","3,793"
48143,Texas,Erath,578,115,76,70,163,154,191,154,233,534,44
48145,Texas,Falls,446,99,46,60,138,103,84,139,223,390,56
48147,Texas,Fannin,"1,084",224,129,140,325,266,260,320,504,981,103
48149,Texas,Fayette,410,82,57,51,127,93,84,98,228,369,41
48151,Texas,Fisher,56,11,,,16,14,12,10,34,,
48153,Texas,Floyd,72,17,,,19,17,20,18,34,,
48155,Texas,Foard,25,,,,,,,,20,,
48157,Texas,Fort Bend,"10,909","1,954","1,093","1,321","3,418","3,123","3,985","3,945","2,979","9,200","1,708"
48159,Texas,Franklin,203,37,30,27,60,49,45,68,90,183,20
48161,Texas,Freestone,442,87,63,58,142,92,89,118,235,399,42
48163,Texas,Frio,223,51,22,30,69,51,68,70,85,190,33
48165,Texas,Gaines,125,25,18,18,43,21,48,26,51,113,12
48167,Texas,Galveston,"6,858","1,600",716,924,"2,054","1,564","2,266","2,311","2,281","6,048",809
48169,Texas,Garza,49,13,,,16,10,11,14,24,,
48171,Texas,Gillespie,666,175,99,92,166,134,109,163,394,610,56
48173,Texas,Glasscock,,,,,,,,,,,
48175,Texas,Goliad,191,45,25,26,46,49,41,48,102,171,20
48177,Texas,Gonzales,315,62,41,37,97,78,89,80,146,287,28
48179,Texas,Gray,282,66,36,31,88,61,81,81,120,261,21
48181,Texas,Grayson,"3,135",713,365,427,935,695,874,904,"1,357","2,835",300
48183,Texas,Gregg,"1,983",438,240,257,608,440,613,602,768,"1,752",231
48185,Texas,Grimes,581,140,78,72,168,123,137,159,285,512,69
48187,Texas,Guadalupe,"12,531","1,541","1,065","1,296","3,680","4,949","3,352","6,029","3,150","9,986","2,545"
48189,Texas,Hale,362,95,46,52,97,72,93,96,173,335,27
48191,Texas,Hall,39,,10,,15,,,,19,,
48193,Texas,Hamilton,190,42,22,28,58,40,52,53,85,173,17
48195,Texas,Hansford,25,,,,,,,,10,,
48197,Texas,Hardeman,66,16,,,22,14,19,20,27,,
48199,Texas,Hardin,"1,177",271,136,152,400,218,403,336,438,"1,077",100
48201,Texas,Harris,"54,266","11,055","5,945","6,656","17,345","13,265","22,803","16,843","14,619","45,776","8,489"
48203,Texas,Harrison,"1,388",289,170,198,403,328,338,438,612,"1,248",139
48205,Texas,Hartley,40,10,,,12,,12,13,15,,
48207,Texas,Haskell,69,14,,,23,14,17,21,31,,
48209,Texas,Hays,"5,220",986,555,636,"1,659","1,384","2,091","1,580","1,549","4,533",687
48211,Texas,Hemphill,29,,,,14,,12,,,,
48213,Texas,Henderson,"1,689",341,214,232,503,399,440,472,777,"1,517",172
48215,Texas,Hidalgo,"10,681","2,344",948,"1,112","3,405","2,872","3,220","3,254","4,206","9,927",754
48217,Texas,Hill,888,182,136,115,277,178,222,247,419,807,81
48219,Texas,Hockley,273,74,40,34,85,40,76,71,126,248,25
48221,Texas,Hood,"1,682",358,223,221,507,373,477,474,731,"1,527",155
48223,Texas,Hopkins,580,104,71,81,192,132,182,175,223,527,53
48225,Texas,Houston,445,83,59,56,139,108,110,107,228,410,35
48227,Texas,Howard,755,175,96,112,241,131,209,257,289,674,81
48229,Texas,Hudspeth,79,,,13,29,19,16,35,28,66,13
48231,Texas,Hunt,"2,471",486,296,340,757,592,944,739,788,"2,190",281
48233,Texas,Hutchinson,353,83,48,41,111,70,112,101,140,325,28
48235,Texas,Irion,20,,,,,,,,10,,
48237,Texas,Jack,119,31,11,24,24,29,37,38,44,,
48239,Texas,Jackson,258,66,23,42,80,47,76,70,112,234,24
48241,Texas,Jasper,713,141,82,82,236,172,164,217,332,656,57
48243,Texas,Jeff Davis,39,,,,17,,,,20,,
48245,Texas,Jefferson,"4,048",925,473,528,"1,218",904,"1,072","1,365","1,611","3,598",450
48247,Texas,Jim Hogg,82,21,,,23,23,17,22,43,,
48249,Texas,Jim Wells,791,155,98,84,251,203,183,232,376,729,62
48251,Texas,Johnson,"4,095",735,499,537,"1,245","1,079","1,621","1,300","1,174","3,560",534
48253,Texas,Jones,430,85,37,72,129,107,119,159,152,387,43
48255,Texas,Karnes,196,34,17,24,82,39,68,51,77,179,17
48257,Texas,Kaufman,"3,640",506,372,458,"1,204","1,100","1,639","1,190",811,"3,031",609
48259,Texas,Kendall,"1,691",263,186,219,461,562,394,670,627,"1,456",235
48261,Texas,Kenedy,,,,,,,,,,,
48263,Texas,Kent,,,,,,,,,,,
48265,Texas,Kerr,"1,834",445,223,217,504,445,314,485,"1,035","1,666",168
48267,Texas,Kimble,76,,,15,20,20,13,16,47,,
48269,Texas,King,10,,,,,,,,,,
48271,Texas,Kinney,142,40,17,22,37,26,20,35,87,127,15
48273,Texas,Kleberg,910,184,128,121,281,196,269,307,334,841,69
48275,Texas,Knox,42,10,,,15,,,,19,,
48277,Texas,Lamar,"1,060",256,111,134,327,232,294,294,472,961,99
48279,Texas,Lamb,177,41,22,27,53,34,47,62,68,161,16
48281,Texas,Lampasas,"2,141",262,201,243,722,713,496,958,687,"1,778",363
48283,Texas,La Salle,70,18,,12,27,,20,14,36,,
48285,Texas,Lavaca,310,85,33,48,84,60,58,66,186,279,31
48287,Texas,Lee,297,65,41,39,80,72,77,72,148,278,19
48289,Texas,Leon,409,76,43,54,142,94,95,102,212,372,37
48291,Texas,Liberty,"1,402",284,161,196,437,324,506,384,512,"1,268",134
48293,Texas,Limestone,437,95,52,65,126,99,102,123,212,400,37
48295,Texas,Lipscomb,33,,,10,,,,,19,,
48297,Texas,Live Oak,269,60,38,31,81,59,55,80,134,249,20
48299,Texas,Llano,541,139,63,69,156,114,96,145,300,485,56
48301,Texas,Loving,,,,,,,,,,,
48303,Texas,Lubbock,"5,183","1,164",617,706,"1,542","1,154","1,785","1,553","1,845","4,659",524
48305,Texas,Lynn,69,11,,,24,17,25,26,18,,
48307,Texas,McCulloch,165,28,18,29,58,32,35,54,76,147,18
48309,Texas,McLennan,"6,593","1,220",747,827,"2,129","1,670","1,943","2,099","2,551","5,832",759
48311,Texas,McMullen,14,,,,,,,,,,
48313,Texas,Madison,202,46,25,29,59,43,55,58,89,190,12
48315,Texas,Marion,315,54,34,49,106,72,56,104,155,275,40
48317,Texas,Martin,44,,,,14,,17,13,14,,
48319,Texas,Mason,73,18,13,11,20,11,11,17,45,,
48321,Texas,Matagorda,642,193,86,79,175,109,148,163,331,589,53
48323,Texas,Maverick,528,115,57,67,172,117,195,163,170,495,33
48325,Texas,Medina,"2,674",380,236,294,790,974,652,"1,214",808,"2,241",433
48327,Texas,Menard,39,14,,,,,,,27,,
48329,Texas,Midland,"1,964",456,278,299,594,337,871,548,545,"1,775",189
48331,Texas,Milam,554,132,65,65,192,100,132,165,257,506,47
48333,Texas,Mills,122,20,13,13,38,38,34,30,58,,
48335,Texas,Mitchell,99,12,13,23,35,16,22,34,43,,
48337,Texas,Montague,480,99,65,76,139,101,90,126,264,445,35
48339,Texas,Montgomery,"13,393","2,455","1,473","1,761","4,176","3,528","5,492","4,276","3,625","11,661","1,731"
48341,Texas,Moore,153,46,18,18,40,31,48,32,73,138,15
48343,Texas,Morris,273,43,35,26,96,73,62,90,121,246,26
48345,Texas,Motley,26,,,,,,,,12,,
48347,Texas,Nacogdoches,"1,042",223,130,119,337,233,316,265,461,938,104
48349,Texas,Navarro,"1,003",209,131,139,297,227,256,276,471,924,79
48351,Texas,Newton,269,72,22,27,75,73,56,83,130,251,18
48353,Texas,Nolan,247,61,28,27,73,58,70,75,102,222,25
48355,Texas,Nueces,"10,231","2,218","1,091","1,214","3,182","2,526","2,680","3,717","3,834","9,256",974
48357,Texas,Ochiltree,63,11,,,15,18,18,12,33,,
48359,Texas,Oldham,48,11,,,12,11,14,15,19,,
48361,Texas,Orange,"1,804",414,214,255,572,349,522,512,769,"1,646",158
48363,Texas,Palo Pinto,547,109,80,68,171,119,131,155,261,497,50
48365,Texas,Panola,444,80,61,58,138,107,125,136,183,398,46
48367,Texas,Parker,"4,947",938,539,623,"1,577","1,270","1,752","1,801","1,394","4,409",538
48369,Texas,Parmer,58,15,14,,16,,19,24,15,,
48371,Texas,Pecos,148,35,24,20,45,24,43,51,54,136,12
48373,Texas,Polk,"1,713",398,207,229,489,390,305,564,844,"1,530",183
48375,Texas,Potter,"1,770",411,195,246,507,411,490,536,744,"1,620",150
48377,Texas,Presidio,52,16,,,14,14,13,17,22,,
48379,Texas,Rains,348,58,33,46,108,103,72,109,167,317,31
48381,Texas,Randall,"3,158",661,377,393,972,755,"1,179",992,987,"2,834",324
48383,Texas,Reagan,19,,,,,,,,,,
48385,Texas,Real,98,26,,,26,27,19,24,55,,
48387,Texas,Red River,278,54,36,26,88,74,61,76,141,251,27
48389,Texas,Reeves,107,22,18,22,32,13,30,35,42,,
48391,Texas,Refugio,214,60,22,22,61,49,34,65,115,204,10
48393,Texas,Roberts,,,,,,,,,,,
48395,Texas,Robertson,314,66,42,36,94,76,68,74,172,291,23
48397,Texas,Rockwall,"2,675",403,298,331,834,809,"1,086",998,591,"2,313",362
48399,Texas,Runnels,192,45,15,27,54,51,50,50,92,174,18
48401,Texas,Rusk,874,188,109,119,248,210,254,260,360,782,92
48403,Texas,Sabine,307,75,33,48,93,58,51,69,187,288,19
48405,Texas,San Augustine,182,44,31,20,53,34,40,43,99,167,15
48407,Texas,San Jacinto,636,139,74,74,203,146,167,174,295,583,53
48409,Texas,San Patricio,"2,114",410,248,298,655,503,531,822,761,"1,927",187
48411,Texas,San Saba,104,27,17,11,28,21,19,34,51,,
48413,Texas,Schleicher,32,10,,,,,,,17,,
48415,Texas,Scurry,166,36,24,29,46,31,51,53,62,146,20
48417,Texas,Shackelford,41,,,10,10,,11,17,13,,
48419,Texas,Shelby,319,63,36,53,89,78,78,83,158,290,29
48421,Texas,Sherman,11,,,,,,,,,,
48423,Texas,Smith,"4,112",802,523,604,"1,243",940,"1,234","1,183","1,695","3,662",448
48425,Texas,Somervell,171,38,20,35,48,30,60,57,54,150,21
48427,Texas,Starr,327,76,26,26,116,83,88,85,154,311,16
48429,Texas,Stephens,134,28,18,16,52,20,24,30,80,,
48431,Texas,Sterling,12,,,,,,,,,,
48433,Texas,Stonewall,11,,,,,,,,,,
48435,Texas,Sutton,38,,,,13,,12,10,16,,
48437,Texas,Swisher,94,18,13,16,21,26,21,32,41,,
48439,Texas,Tarrant,"37,476","7,235","4,481","5,149","11,685","8,926","14,658","13,057","9,761","31,693","5,781"
48441,Texas,Taylor,"5,020",855,513,732,"1,607","1,313","1,583","1,844","1,593","4,328",692
48443,Texas,Terrell,27,,,,,,,,15,,
48445,Texas,Terry,92,16,13,19,25,19,19,35,38,,
48447,Texas,Throckmorton,22,,,,,,,,,,
48449,Texas,Titus,410,88,47,50,126,99,123,131,156,366,44
48451,Texas,Tom Green,"3,358",630,422,459,"1,025",822,"1,011","1,183","1,164","2,927",431
48453,Texas,Travis,"15,769","3,466","1,905","2,055","4,813","3,530","6,705","4,671","4,392","13,532","2,236"
48455,Texas,Trinity,421,88,44,57,137,95,78,113,230,380,41
48457,Texas,Tyler,516,108,67,57,151,133,112,134,270,481,35
48459,Texas,Upshur,896,189,107,107,291,202,234,318,344,815,80
48461,Texas,Upton,40,11,,10,10,,19,,,,
48463,Texas,Uvalde,547,144,58,64,164,117,127,160,260,515,32
48465,Texas,Val Verde,"1,408",298,188,179,449,294,477,463,468,"1,276",132
48467,Texas,Van Zandt,"1,173",231,159,157,355,271,347,325,501,"1,082",91
48469,Texas,Victoria,"1,876",448,226,205,605,392,513,483,880,"1,719",157
48471,Texas,Walker,"1,110",255,139,150,335,231,361,336,413,"1,002",108
48473,Texas,Waller,958,159,97,105,305,292,423,284,251,799,159
48475,Texas,Ward,136,39,23,20,37,17,33,39,64,,
48477,Texas,Washington,564,125,65,72,181,121,134,136,294,519,45
48479,Texas,Webb,"2,912",658,334,376,902,642,"1,025",826,"1,061","2,746",166
48481,Texas,Wharton,533,130,65,76,144,118,139,131,263,487,46
48483,Texas,Wheeler,83,22,12,11,17,21,15,23,45,,
48485,Texas,Wichita,"4,737",910,563,647,"1,418","1,199","1,276","1,822","1,639","4,058",679
48487,Texas,Wilbarger,240,58,28,28,76,50,44,72,124,217,23
48489,Texas,Willacy,314,64,28,38,102,82,87,79,148,291,23
48491,Texas,Williamson,"15,045","2,687","1,740","1,880","4,705","4,033","6,148","5,058","3,839","12,796","2,248"
48493,Texas,Wilson,"2,937",441,269,312,873,"1,042",667,"1,320",950,"2,457",480
48495,Texas,Winkler,53,,12,10,15,,14,20,19,,
48497,Texas,Wise,"1,707",347,240,249,532,339,572,535,600,"1,522",185
48499,Texas,Wood,"1,180",226,140,156,384,274,245,313,622,"1,082",98
48501,Texas,Yoakum,56,13,,,16,12,15,15,26,,
48503,Texas,Young,294,73,39,29,97,56,80,71,143,272,22
48505,Texas,Zapata,138,45,15,19,33,26,21,31,86,,
48507,Texas,Zavala,107,30,,,37,20,22,36,49,,
49001,Utah,Beaver,90,25,10,13,21,21,19,20,51,,
49003,Utah,Box Elder,793,172,98,114,258,151,273,244,276,731,62
49005,Utah,Cache,"1,095",230,153,164,308,240,387,296,412,"1,014",80
49007,Utah,Carbon,296,67,45,36,80,68,62,75,159,279,17
49009,Utah,Daggett,21,,,,,,,,13,,
49011,Utah,Davis,"7,078","1,401",972,"1,074","2,249","1,382","2,328","2,876","1,874","6,288",790
49013,Utah,Duchesne,201,48,25,29,65,34,50,56,95,189,12
49015,Utah,Emery,101,32,15,17,16,21,12,27,62,,
49017,Utah,Garfield,79,23,13,12,14,17,,,54,,
49019,Utah,Grand,132,32,20,23,34,23,29,31,72,118,14
49021,Utah,Iron,"1,150",245,150,151,356,248,464,235,451,"1,070",80
49023,Utah,Juab,132,36,22,14,31,29,27,36,69,,
49025,Utah,Kane,167,49,19,20,40,39,34,38,95,155,12
49027,Utah,Millard,135,29,21,19,42,24,49,30,56,,
49029,Utah,Morgan,219,47,28,39,58,47,48,94,77,197,22
49031,Utah,Piute,28,,,,10,,,,21,,
49033,Utah,Rich,24,,,,,,,,12,,
49035,Utah,Salt Lake,"10,604","2,470","1,454","1,494","3,082","2,104","3,873","3,082","3,649","9,557","1,045"
49037,Utah,San Juan,147,44,24,19,36,24,31,40,76,,
49039,Utah,Sanpete,328,77,33,50,106,62,80,77,171,315,13
49041,Utah,Sevier,344,108,48,48,90,50,71,89,184,325,19
49043,Utah,Summit,386,105,74,62,89,56,102,143,141,348,38
49045,Utah,Tooele,"1,373",269,194,185,437,288,480,460,433,"1,251",122
49047,Utah,Uintah,414,94,66,63,120,71,138,114,162,377,37
49049,Utah,Utah,"4,370",845,556,610,"1,398",961,"1,717","1,287","1,366","4,049",321
49051,Utah,Wasatch,288,65,34,38,83,68,91,93,104,273,15
49053,Utah,Washington,"3,353",984,391,396,869,713,614,736,"2,003","3,144",209
49055,Utah,Wayne,29,,,,,,,,19,,
49057,Utah,Weber,"5,457","1,067",679,855,"1,783","1,073","1,824","2,084","1,549","4,803",654
50001,Vermont,Addison,395,113,57,56,98,71,86,96,213,368,27
50003,Vermont,Bennington,479,111,58,69,136,105,93,117,269,441,38
50005,Vermont,Caledonia,504,104,71,84,144,101,101,166,237,452,52
50007,Vermont,Chittenden,"1,546",375,232,217,468,254,425,502,619,"1,360",186
50009,Vermont,Essex,134,26,22,17,40,29,21,39,74,,
50011,Vermont,Franklin,891,205,119,129,274,164,247,328,316,808,83
50013,Vermont,Grand Isle,132,27,22,13,50,20,34,40,58,119,13
50015,Vermont,Lamoille,333,95,43,60,86,49,73,109,151,303,30
50017,Vermont,Orange,546,146,63,83,142,112,114,181,251,497,49
50019,Vermont,Orleans,494,83,68,64,182,97,108,157,229,449,45
50021,Vermont,Rutland,948,205,140,136,278,189,195,276,477,870,78
50023,Vermont,Washington,794,178,101,126,239,150,192,280,322,715,79
50025,Vermont,Windham,512,121,77,66,147,101,109,140,263,464,48
50027,Vermont,Windsor,995,261,128,130,291,185,195,294,506,896,99
51001,Virginia,Accomack,637,146,82,102,190,117,130,236,271,563,74
51003,Virginia,Albemarle,"1,552",354,226,208,467,297,532,525,495,"1,333",219
51005,Virginia,Alleghany,323,81,39,51,92,60,42,92,189,302,21
51007,Virginia,Amelia,300,60,44,33,99,64,76,90,134,266,34
51009,Virginia,Amherst,523,137,76,66,155,89,119,171,233,475,48
51011,Virginia,Appomattox,300,71,54,37,85,53,73,92,135,274,26
51013,Virginia,Arlington,"4,335",837,643,631,"1,269",955,"1,665","1,909",761,"3,453",882
51015,Virginia,Augusta,"1,219",290,195,170,328,236,303,337,579,"1,113",106
51017,Virginia,Bath,65,12,13,11,14,15,,,43,,
51019,Virginia,Bedford,"1,636",420,229,242,419,326,349,525,762,"1,489",147
51021,Virginia,Bland,136,21,15,20,47,33,16,41,79,,
51023,Virginia,Botetourt,780,182,109,103,198,188,166,272,342,709,71
51025,Virginia,Brunswick,296,59,41,44,82,70,46,92,158,262,33
51027,Virginia,Buchanan,245,41,22,29,100,53,36,54,155,235,10
51029,Virginia,Buckingham,278,63,32,46,89,48,70,76,132,257,21
51031,Virginia,Campbell,915,219,139,120,286,151,264,236,415,842,73
51033,Virginia,Caroline,948,154,142,148,287,217,262,379,307,806,142
51035,Virginia,Carroll,526,107,74,66,151,128,113,132,281,490,36
51036,Virginia,Charles City,155,27,15,25,50,38,17,50,88,140,15
51037,Virginia,Charlotte,249,59,25,33,84,48,50,76,123,222,27
51041,Virginia,Chesterfield,"9,577","1,527","1,125","1,171","2,791","2,963","2,533","4,282","2,762","7,749","1,828"
51043,Virginia,Clarke,303,62,41,46,86,68,91,95,117,274,29
51045,Virginia,Craig,127,29,15,14,44,25,23,45,59,112,15
51047,Virginia,Culpeper,"1,020",208,138,152,311,211,292,405,323,905,115
51049,Virginia,Cumberland,198,46,29,19,55,49,42,65,91,170,28
51051,Virginia,Dickenson,285,57,40,36,89,63,45,77,163,275,10
51053,Virginia,Dinwiddie,896,132,109,95,292,268,185,402,309,740,156
51057,Virginia,Essex,218,54,25,24,66,49,32,79,107,189,29
51059,Virginia,Fairfax,"25,540","5,058","3,752","3,627","7,225","5,878","7,179","11,746","6,614","20,793","4,747"
51061,Virginia,Fauquier,"1,607",322,234,234,457,360,485,694,428,"1,415",192
51063,Virginia,Floyd,241,57,45,32,61,46,62,72,107,215,26
51065,Virginia,Fluvanna,597,138,81,79,165,134,167,192,238,522,75
51067,Virginia,Franklin,"1,086",237,144,148,324,233,210,360,516,983,103
51069,Virginia,Frederick,"1,737",399,259,248,470,361,512,595,630,"1,560",177
51071,Virginia,Giles,259,65,33,27,89,45,55,84,120,238,21
51073,Virginia,Gloucester,"1,697",336,244,243,509,365,415,751,531,"1,462",235
51075,Virginia,Goochland,347,85,49,40,103,70,80,109,158,313,34
51077,Virginia,Grayson,266,58,39,32,76,61,44,72,150,243,23
51079,Virginia,Greene,537,96,76,75,164,126,188,212,136,464,73
51081,Virginia,Greensville,183,39,22,21,57,44,34,59,90,161,22
51083,Virginia,Halifax,751,135,62,91,283,180,127,200,424,676,75
51085,Virginia,Hanover,"1,680",350,243,257,472,358,473,620,587,"1,478",201
51087,Virginia,Henrico,"4,490",911,613,642,"1,316","1,008","1,147","1,561","1,782","3,801",689
51089,Virginia,Henry,841,172,116,112,259,182,190,248,403,787,54
51091,Virginia,Highland,33,11,,,,,,,23,,
51093,Virginia,Isle of Wight,"1,972",328,225,277,612,530,496,981,495,"1,580",392
51095,Virginia,James City,"3,422",601,447,470,965,939,674,"1,544","1,204","2,889",533
51097,Virginia,King and Queen,155,29,13,24,50,39,31,59,65,137,18
51099,Virginia,King George,"1,348",209,184,201,444,310,435,648,265,"1,151",197
51101,Virginia,King William,316,60,41,49,91,75,114,89,113,271,45
51103,Virginia,Lancaster,211,55,19,28,63,46,28,55,128,191,20
51105,Virginia,Lee,478,95,47,69,151,116,75,151,252,446,32
51107,Virginia,Loudoun,"7,000","1,473",991,940,"1,901","1,695","2,457","3,241","1,302","5,946","1,053"
51109,Virginia,Louisa,882,197,118,112,263,192,232,295,355,764,118
51111,Virginia,Lunenburg,269,36,38,44,82,69,61,88,120,245,24
51113,Virginia,Madison,204,53,28,27,54,42,48,58,98,186,18
51115,Virginia,Mathews,227,61,24,30,60,52,38,84,105,206,21
51117,Virginia,Mecklenburg,676,132,71,88,227,158,125,197,354,601,75
51119,Virginia,Middlesex,272,53,41,32,73,73,40,81,151,247,25
51121,Virginia,Montgomery,987,235,183,140,266,163,286,322,379,878,109
51125,Virginia,Nelson,283,76,44,34,65,64,47,79,157,257,26
51127,Virginia,New Kent,886,146,102,109,268,261,243,359,284,758,128
51131,Virginia,Northampton,219,55,29,33,52,50,34,76,109,191,28
51133,Virginia,Northumberland,297,83,47,37,85,45,39,80,178,274,23
51135,Virginia,Nottoway,367,82,39,49,129,68,74,142,151,327,40
51137,Virginia,Orange,984,181,119,144,308,232,302,325,357,851,133
51139,Virginia,Page,319,69,46,37,87,80,73,91,155,297,22
51141,Virginia,Patrick,352,61,42,37,125,87,63,98,191,329,23
51143,Virginia,Pittsylvania,"1,130",226,121,141,384,258,227,357,546,"1,029",101
51145,Virginia,Powhatan,616,115,85,80,193,143,168,217,231,561,55
51147,Virginia,Prince Edward,456,114,68,48,136,90,78,156,222,405,51
51149,Virginia,Prince George,"1,985",283,190,226,594,692,479,881,625,"1,535",450
51153,Virginia,Prince William,"17,278","2,800","2,103","2,225","5,072","5,078","4,877","8,756","3,645","13,600","3,678"
51155,Virginia,Pulaski,594,135,91,93,178,97,117,175,302,548,46
51157,Virginia,Rappahannock,111,28,15,13,31,24,27,36,48,,
51159,Virginia,Richmond,113,18,12,21,37,25,20,40,53,102,11
51161,Virginia,Roanoke,"1,941",426,277,296,527,415,457,682,802,"1,734",207
51163,Virginia,Rockbridge,444,100,55,63,129,97,80,144,220,411,33
51165,Virginia,Rockingham,918,212,116,144,261,185,247,242,429,838,80
51167,Virginia,Russell,370,78,35,49,131,77,52,113,205,347,23
51169,Virginia,Scott,415,103,62,46,107,97,61,120,234,393,22
51171,Virginia,Shenandoah,706,155,111,117,184,139,183,215,308,639,67
51173,Virginia,Smyth,508,109,85,71,147,96,104,138,266,480,28
51175,Virginia,Southampton,443,91,49,74,137,92,101,187,155,381,62
51177,Virginia,Spotsylvania,"6,329",993,805,875,"1,900","1,756","1,868","3,031","1,430","5,289","1,040"
51179,Virginia,Stafford,"11,098","1,428","1,167","1,409","3,342","3,752","3,358","6,016","1,724","8,948","2,149"
51181,Virginia,Surry,199,35,29,23,65,47,49,73,77,165,34
51183,Virginia,Sussex,235,41,29,42,81,42,58,91,86,191,44
51185,Virginia,Tazewell,859,167,83,98,322,189,101,262,496,814,45
51187,Virginia,Warren,900,212,129,129,265,165,258,342,300,803,97
51191,Virginia,Washington,"1,000",229,129,121,308,213,184,296,520,937,63
51193,Virginia,Westmoreland,469,92,68,66,130,113,112,184,173,422,47
51195,Virginia,Wise,700,139,80,87,236,158,139,205,356,659,41
51197,Virginia,Wythe,472,89,72,52,133,126,89,144,239,433,39
51199,Virginia,York,"4,480",735,615,622,"1,329","1,179","1,042","2,161","1,277","3,608",872
51510,Virginia,Alexandria City,"4,148",698,631,626,"1,223",970,"1,686","1,723",739,"3,150",998
51520,Virginia,Bristol City,316,76,34,40,106,60,70,86,160,295,21
51530,Virginia,Buena Vista City,74,21,22,,,13,,,56,,
51540,Virginia,Charlottesville City,294,78,42,51,81,42,130,74,90,253,41
51550,Virginia,Chesapeake City,"14,183","1,952","1,601","1,897","4,502","4,231","4,274","6,924","2,985","11,129","3,053"
51570,Virginia,Colonial Heights City,607,100,79,84,198,146,144,246,217,501,106
51580,Virginia,Covington City,120,28,14,22,34,22,23,36,61,110,10
51590,Virginia,Danville City,740,133,72,105,266,164,132,220,388,662,78
51595,Virginia,Emporia City,88,14,12,14,30,18,19,28,41,,
51600,Virginia,Fairfax City,424,116,66,56,104,82,140,144,140,356,68
51610,Virginia,Falls Church City,212,45,37,34,52,44,55,113,44,172,40
51620,Virginia,Franklin City,185,41,24,18,56,46,55,79,51,149,36
51630,Virginia,Fredericksburg City,941,149,129,119,293,251,311,460,170,768,173
51640,Virginia,Galax City,88,17,,,25,26,23,23,42,,
51650,Virginia,Hampton City,"8,410","1,383","1,032","1,187","2,621","2,187","2,473","3,431","2,506","6,269","2,140"
51660,Virginia,Harrisonburg City,276,61,44,46,77,48,105,73,98,238,38
51670,Virginia,Hopewell City,785,119,83,91,255,237,171,352,262,602,183
51678,Virginia,Lexington City,79,14,16,11,18,20,13,22,44,,
51680,Virginia,Lynchburg City,"1,013",233,151,159,293,177,329,291,393,868,145
51683,Virginia,Manassas City,695,145,103,108,182,157,258,266,171,593,102
51685,Virginia,Manassas Park City,250,51,32,29,84,54,109,96,45,198,52
51690,Virginia,Martinsville City,199,46,28,25,48,52,28,64,107,179,20
51700,Virginia,Newport News City,"8,343","1,419","1,026","1,173","2,580","2,145","2,554","3,489","2,300","6,354","1,989"
51710,Virginia,Norfolk City,"9,203","1,530","1,228","1,422","2,983","2,040","3,446","3,720","2,037","6,945","2,258"
51720,Virginia,Norton City,63,14,,,17,16,20,17,26,,
51730,Virginia,Petersburg City,"1,068",199,115,136,334,284,233,362,473,861,207
51735,Virginia,Poquoson City,619,117,80,100,182,140,160,281,178,505,114
51740,Virginia,Portsmouth City,"4,159",667,501,650,"1,402",939,"1,360","1,668","1,131","3,179",979
51750,Virginia,Radford City,159,45,23,24,46,21,61,48,50,136,23
51760,Virginia,Richmond City,"2,570",582,381,338,777,492,795,776,999,"2,129",441
51770,Virginia,Roanoke City,"1,717",413,236,219,479,370,383,539,794,"1,497",220
51775,Virginia,Salem City,502,120,74,70,133,105,135,161,206,441,61
51790,Virginia,Staunton City,368,95,59,52,96,66,91,113,164,318,50
51800,Virginia,Suffolk City,"5,906",719,619,768,"1,872","1,928","1,825","3,031","1,050","4,447","1,459"
51810,Virginia,Virginia Beach City,"24,563","3,962","3,173","3,630","7,491","6,307","6,820","11,646","6,097","19,983","4,580"
51820,Virginia,Waynesboro City,332,81,53,39,101,58,101,101,130,303,29
51830,Virginia,Williamsburg City,339,58,49,55,94,83,95,140,104,275,64
51840,Virginia,Winchester City,320,72,41,50,99,58,90,108,122,280,40
53001,Washington,Adams,129,37,20,12,37,23,37,31,61,113,16
53003,Washington,Asotin,575,167,77,82,142,107,115,180,280,525,49
53005,Washington,Benton,"3,794","1,132",531,526,"1,028",577,"1,190","1,081","1,523","3,465",329
53007,Washington,Chelan,"1,204",342,169,160,320,213,279,287,638,"1,124",80
53009,Washington,Clallam,"2,121",613,280,290,525,413,321,532,"1,268","1,918",203
53011,Washington,Clark,"9,616","2,501","1,508","1,462","2,632","1,513","3,006","3,020","3,590","8,503","1,113"
53013,Washington,Columbia,123,26,21,21,36,19,21,41,61,111,12
53015,Washington,Cowlitz,"2,429",538,388,394,732,377,670,660,"1,099","2,208",221
53017,Washington,Douglas,592,179,94,57,154,108,132,132,328,554,38
53019,Washington,Ferry,275,58,33,37,69,78,45,79,151,256,19
53021,Washington,Franklin,"1,085",319,147,155,288,176,382,284,419,"1,006",79
53023,Washington,Garfield,80,28,,,21,17,,,49,,
53025,Washington,Grant,"1,349",422,189,196,340,202,330,361,658,"1,245",104
53027,Washington,Grays Harbor,"1,740",396,213,251,536,344,364,493,883,"1,563",177
53029,Washington,Island,"4,824",944,687,775,"1,494",924,"1,235","2,025","1,564","4,056",768
53031,Washington,Jefferson,878,229,119,130,246,154,120,220,538,785,92
53033,Washington,King,"20,193","5,330","3,220","2,844","5,523","3,276","7,589","5,975","6,629","17,728","2,464"
53035,Washington,Kitsap,"13,795","3,152","2,242","2,246","4,026","2,129","3,800","5,789","4,206","12,080","1,715"
53037,Washington,Kittitas,686,175,89,101,203,118,190,179,317,632,54
53039,Washington,Klickitat,732,264,111,88,170,99,117,212,403,674,58
53041,Washington,Lewis,"2,081",484,262,274,670,391,532,614,935,"1,872",209
53043,Washington,Lincoln,350,109,48,40,97,56,64,106,180,314,36
53045,Washington,Mason,"2,360",572,360,327,735,366,514,815,"1,031","2,115",245
53047,Washington,Okanogan,922,228,114,127,264,189,156,246,520,851,71
53049,Washington,Pacific,549,130,72,88,162,97,88,130,331,500,49
53051,Washington,Pend Oreille,451,116,59,57,126,93,78,124,249,405,46
53053,Washington,Pierce,"33,527","6,826","4,531","4,569","10,213","7,388","11,173","11,960","10,394","28,532","4,994"
53055,Washington,San Juan,212,70,37,23,44,38,30,43,139,198,14
53057,Washington,Skagit,"2,756",642,456,406,801,451,732,911,"1,113","2,455",301
53059,Washington,Skamania,300,85,47,43,68,57,82,81,137,263,37
53061,Washington,Snohomish,"11,716","2,987","1,767","1,720","3,465","1,777","4,070","3,948","3,698","10,399","1,317"
53063,Washington,Spokane,"14,070","3,480","1,911","1,978","3,913","2,788","3,803","4,875","5,392","12,377","1,693"
53065,Washington,Stevens,"1,805",405,194,220,553,433,325,570,910,"1,632",173
53067,Washington,Thurston,"13,783","2,440","1,741","1,825","4,291","3,486","4,581","5,257","3,945","11,645","2,137"
53069,Washington,Wahkiakum,137,41,20,16,42,18,29,37,71,123,14
53071,Washington,Walla Walla,"1,253",321,168,170,354,240,312,395,546,"1,129",124
53073,Washington,Whatcom,"3,341",907,489,474,923,548,948,902,"1,491","3,000",341
53075,Washington,Whitman,537,137,78,62,164,96,209,156,172,469,68
53077,Washington,Yakima,"2,901",733,357,391,862,558,767,744,"1,390","2,667",234
54001,West Virginia,Barbour,341,74,48,42,108,69,57,116,168,311,30
54003,West Virginia,Berkeley,"3,805",769,450,505,"1,203",878,"1,102","1,478","1,225","3,314",491
54005,West Virginia,Boone,389,81,51,42,129,86,50,110,229,,
54007,West Virginia,Braxton,362,88,42,38,107,87,60,110,192,337,25
54009,West Virginia,Brooke,364,106,57,57,84,60,63,113,188,336,28
54011,West Virginia,Cabell,"1,760",416,195,263,522,364,380,620,760,"1,626",134
54013,West Virginia,Calhoun,154,22,14,18,60,40,26,45,83,139,15
54015,West Virginia,Clay,206,44,30,23,58,51,37,58,111,,
54017,West Virginia,Doddridge,200,38,22,31,53,56,41,60,99,184,16
54019,West Virginia,Fayette,"1,242",337,147,124,380,254,169,389,684,"1,176",66
54021,West Virginia,Gilmer,151,32,16,19,55,29,31,48,72,,
54023,West Virginia,Grant,191,41,29,25,48,48,39,61,91,175,16
54025,West Virginia,Greenbrier,"1,024",270,149,159,252,194,143,289,592,956,68
54027,West Virginia,Hampshire,498,97,56,65,174,106,127,139,232,456,42
54029,West Virginia,Hancock,448,144,66,59,109,70,94,135,219,419,29
54031,West Virginia,Hardy,266,55,38,31,83,59,47,80,139,245,21
54033,West Virginia,Harrison,"1,675",417,183,216,508,351,354,597,724,"1,546",129
54035,West Virginia,Jackson,586,120,60,78,195,133,105,196,285,547,39
54037,West Virginia,Jefferson,"1,617",332,242,221,482,340,508,658,451,"1,422",195
54039,West Virginia,Kanawha,"3,230",821,383,446,904,676,652,996,"1,582","3,014",216
54041,West Virginia,Lewis,382,95,43,47,114,83,58,130,194,357,25
54043,West Virginia,Lincoln,334,66,37,38,127,66,60,110,164,312,22
54045,West Virginia,Logan,560,107,45,70,186,152,75,150,335,540,20
54047,West Virginia,McDowell,292,55,23,32,111,71,26,84,182,,
54049,West Virginia,Marion,"1,180",246,162,154,347,271,253,389,538,"1,096",84
54051,West Virginia,Marshall,517,176,75,67,128,71,98,153,266,487,30
54053,West Virginia,Mason,501,115,71,64,155,96,96,146,259,475,26
54055,West Virginia,Mercer,"1,714",397,173,171,551,422,278,472,964,"1,619",95
54057,West Virginia,Mineral,573,117,72,80,167,137,111,189,273,535,38
54059,West Virginia,Mingo,331,59,38,34,121,79,45,88,198,321,10
54061,West Virginia,Monongalia,"1,343",275,176,179,430,283,473,378,492,"1,230",113
54063,West Virginia,Monroe,393,88,48,51,129,77,54,113,226,368,25
54065,West Virginia,Morgan,463,103,47,69,129,115,91,162,210,425,38
54067,West Virginia,Nicholas,828,184,117,101,270,156,131,226,471,783,45
54069,West Virginia,Ohio,576,195,90,78,124,89,109,173,294,545,31
54071,West Virginia,Pendleton,137,30,14,23,37,33,23,49,65,122,15
54073,West Virginia,Pleasants,132,29,,,42,31,24,45,63,,
54075,West Virginia,Pocahontas,237,68,36,33,57,43,25,64,148,225,12
54077,West Virginia,Preston,721,140,92,100,234,155,161,234,326,671,50
54079,West Virginia,Putnam,"1,201",238,168,156,361,278,276,415,510,"1,107",94
54081,West Virginia,Raleigh,"2,526",576,256,284,813,597,424,816,"1,286","2,384",142
54083,West Virginia,Randolph,553,116,59,67,193,118,102,173,278,515,38
54085,West Virginia,Ritchie,233,45,25,21,81,61,36,82,115,222,11
54087,West Virginia,Roane,307,54,38,41,102,72,42,106,159,283,24
54089,West Virginia,Summers,397,79,37,53,131,97,53,107,237,377,20
54091,West Virginia,Taylor,413,84,46,62,129,92,86,136,191,370,43
54093,West Virginia,Tucker,145,31,19,16,40,39,17,48,80,,
54095,West Virginia,Tyler,167,33,16,15,62,41,33,56,78,155,12
54097,West Virginia,Upshur,543,138,55,78,169,103,76,181,286,500,43
54099,West Virginia,Wayne,897,200,101,113,264,219,171,277,449,844,53
54101,West Virginia,Webster,221,52,24,31,70,44,26,48,147,,
54103,West Virginia,Wetzel,263,63,22,29,96,53,41,89,133,245,18
54105,West Virginia,Wirt,138,29,24,13,43,29,25,49,64,,
54107,West Virginia,Wood,"1,739",382,192,199,578,388,418,603,716,"1,609",130
54109,West Virginia,Wyoming,405,94,44,44,130,93,48,97,259,391,14
55001,Wisconsin,Adams,625,170,92,102,144,117,97,148,380,587,38
55003,Wisconsin,Ashland,284,97,33,30,65,59,56,86,142,262,22
55005,Wisconsin,Barron,995,380,144,132,196,143,173,231,591,926,69
55007,Wisconsin,Bayfield,496,184,69,48,103,92,64,116,316,461,35
55009,Wisconsin,Brown,"3,819","1,001",641,578,"1,033",566,"1,184","1,097","1,538","3,434",384
55011,Wisconsin,Buffalo,319,97,44,44,76,58,53,78,188,298,21
55013,Wisconsin,Burnett,589,208,75,90,121,95,73,141,375,553,36
55015,Wisconsin,Calumet,674,169,102,112,183,108,221,201,252,594,80
55017,Wisconsin,Chippewa,"1,343",443,206,170,309,215,315,378,650,"1,242",101
55019,Wisconsin,Clark,530,187,82,72,111,78,84,129,317,490,40
55021,Wisconsin,Columbia,"1,041",323,149,142,250,177,281,307,453,932,109
55023,Wisconsin,Crawford,304,87,40,45,83,49,54,81,169,278,26
55025,Wisconsin,Dane,"5,569","1,605",917,812,"1,372",863,"1,785","1,585","2,199","4,877",690
55027,Wisconsin,Dodge,"1,192",361,181,166,275,209,362,329,501,"1,077",115
55029,Wisconsin,Door,441,134,67,63,101,76,82,87,272,414,27
55031,Wisconsin,Douglas,"1,195",386,176,140,292,201,252,301,642,"1,113",81
55033,Wisconsin,Dunn,891,292,142,116,211,130,214,254,423,830,61
55035,Wisconsin,Eau Claire,"1,586",481,245,229,388,243,423,428,735,"1,461",125
55037,Wisconsin,Florence,155,48,23,16,42,26,20,44,91,,
55039,Wisconsin,Fond du Lac,"1,288",362,223,187,322,194,397,333,558,"1,147",141
55041,Wisconsin,Forest,289,90,36,36,78,49,39,77,173,272,17
55043,Wisconsin,Grant,815,251,149,131,195,89,187,190,438,745,70
55045,Wisconsin,Green,621,206,80,81,144,110,159,147,315,573,48
55047,Wisconsin,Green Lake,268,74,49,27,66,52,49,66,153,246,22
55049,Wisconsin,Iowa,292,81,61,41,58,51,77,66,149,272,20
55051,Wisconsin,Iron,153,40,24,22,42,25,24,43,86,,
55053,Wisconsin,Jackson,564,180,75,81,136,92,101,186,277,505,59
55055,Wisconsin,Jefferson,"1,253",354,206,181,335,177,345,358,550,"1,136",117
55057,Wisconsin,Juneau,673,186,98,108,172,109,179,195,299,604,69
55059,Wisconsin,Kenosha,"2,653",545,374,391,793,550,794,990,869,"2,321",332
55061,Wisconsin,Kewaunee,332,104,49,43,92,44,75,79,178,307,25
55063,Wisconsin,La Crosse,"2,440",763,397,362,583,335,620,679,"1,141","2,208",232
55065,Wisconsin,Lafayette,209,63,32,35,45,34,55,50,104,195,14
55067,Wisconsin,Langlade,505,135,75,73,133,89,84,125,296,468,37
55069,Wisconsin,Lincoln,604,161,76,89,151,127,122,183,298,559,45
55071,Wisconsin,Manitowoc,"1,240",339,226,173,314,188,350,349,541,"1,103",137
55073,Wisconsin,Marathon,"1,975",587,334,268,482,304,568,559,848,"1,802",173
55075,Wisconsin,Marinette,"1,165",256,174,171,321,243,253,348,564,"1,060",105
55077,Wisconsin,Marquette,377,104,68,56,92,57,64,117,196,344,33
55078,Wisconsin,Menominee,50,15,,10,14,,18,12,20,,
55079,Wisconsin,Milwaukee,"8,759","2,171","1,249","1,218","2,600","1,521","2,663","2,692","3,404","7,653","1,106"
55081,Wisconsin,Monroe,"2,260",573,310,323,599,455,502,913,845,"1,979",281
55083,Wisconsin,Oconto,900,237,135,124,247,157,208,236,456,819,81
55085,Wisconsin,Oneida,892,185,127,126,258,196,184,274,434,801,91
55087,Wisconsin,Outagamie,"2,643",723,448,395,688,389,885,761,997,"2,374",269
55089,Wisconsin,Ozaukee,925,265,120,134,250,156,273,254,398,829,96
55091,Wisconsin,Pepin,172,67,22,29,41,13,26,49,97,155,17
55093,Wisconsin,Pierce,765,283,122,102,160,98,189,198,378,689,76
55095,Wisconsin,Polk,"1,034",402,185,118,201,128,206,236,592,957,77
55097,Wisconsin,Portage,"1,308",498,194,148,306,162,335,329,644,"1,210",98
55099,Wisconsin,Price,437,157,59,53,107,61,51,147,239,413,24
55101,Wisconsin,Racine,"2,796",743,412,413,807,421,781,870,"1,145","2,502",294
55103,Wisconsin,Richland,283,84,33,34,70,62,60,65,158,250,33
55105,Wisconsin,Rock,"2,350",650,388,343,603,366,685,651,"1,014","2,129",221
55107,Wisconsin,Rusk,432,172,57,51,93,59,53,113,266,398,34
55109,Wisconsin,St. Croix,"1,940",690,296,270,431,253,521,532,887,"1,778",162
55111,Wisconsin,Sauk,"1,337",447,176,161,315,238,274,327,736,"1,220",117
55113,Wisconsin,Sawyer,485,197,61,65,96,66,66,102,317,451,34
55115,Wisconsin,Shawano,698,182,97,107,205,107,150,210,338,621,77
55117,Wisconsin,Sheboygan,"1,258",367,198,180,334,179,388,334,536,"1,140",118
55119,Wisconsin,Taylor,351,117,46,53,83,52,51,93,207,328,22
55121,Wisconsin,Trempealeau,540,185,80,79,115,81,113,131,296,510,30
55123,Wisconsin,Vernon,550,157,79,91,129,94,95,154,301,518,32
55125,Wisconsin,Vilas,669,189,90,93,170,127,97,145,427,614,53
55127,Wisconsin,Walworth,"1,369",400,208,205,348,208,388,349,632,"1,264",105
55129,Wisconsin,Washburn,518,189,62,64,111,92,65,133,319,484,34
55131,Wisconsin,Washington,"1,701",425,294,252,455,275,590,443,668,"1,505",196
55133,Wisconsin,Waukesha,"4,189","1,111",707,596,"1,099",676,"1,308","1,074","1,807","3,799",387
55135,Wisconsin,Waupaca,"1,044",261,151,139,300,193,231,282,531,954,90
55137,Wisconsin,Waushara,647,208,91,105,150,93,94,166,387,597,50
55139,Wisconsin,Winnebago,"2,609",715,424,366,710,394,857,724,"1,028","2,356",253
55141,Wisconsin,Wood,"1,441",453,218,211,341,218,347,369,725,"1,334",107
56001,Wyoming,Albany,752,229,120,89,192,122,281,210,261,676,76
56003,Wyoming,Big Horn,266,79,35,25,71,56,45,93,128,246,20
56005,Wyoming,Campbell,938,249,129,146,257,157,310,306,322,845,93
56007,Wyoming,Carbon,301,97,48,39,68,49,72,78,151,279,22
56009,Wyoming,Converse,311,99,41,58,64,49,73,90,148,296,15
56011,Wyoming,Crook,205,64,36,30,42,33,42,69,94,177,28
56013,Wyoming,Fremont,761,223,110,93,187,148,188,225,348,693,68
56015,Wyoming,Goshen,356,107,52,58,77,62,78,93,185,327,29
56017,Wyoming,Hot Springs,106,35,13,14,21,23,12,33,61,,
56019,Wyoming,Johnson,233,64,31,31,53,54,45,68,120,210,23
56021,Wyoming,Laramie,"5,093","1,379",703,779,"1,386",846,"1,372","2,010","1,711","4,452",641
56023,Wyoming,Lincoln,305,88,43,44,85,45,62,95,148,281,24
56025,Wyoming,Natrona,"1,670",429,235,228,447,331,515,496,659,"1,505",165
56027,Wyoming,Niobrara,53,18,,,12,11,,,31,,
56029,Wyoming,Park,733,173,81,119,203,157,185,228,320,672,61
56031,Wyoming,Platte,298,85,41,45,83,44,56,96,146,276,22
56033,Wyoming,Sheridan,"1,057",261,139,139,290,228,272,340,445,935,122
56035,Wyoming,Sublette,215,74,21,22,54,44,44,71,100,200,15
56037,Wyoming,Sweetwater,782,253,106,107,213,103,221,252,309,706,76
56039,Wyoming,Teton,123,37,20,18,30,18,36,32,55,110,13
56041,Wyoming,Uinta,341,86,56,49,101,49,87,94,160,314,27
56043,Wyoming,Washakie,145,45,14,21,33,32,42,34,69,,
56045,Wyoming,Weston,260,99,39,35,57,30,42,77,141,244,16
72000,Puerto Rico,All counties,"31,708","4,707","2,759","3,439","10,504","10,299","6,260","10,296","15,151","29,535","2,169"
88888,US Territories (excluding Puerto Rico),US Territories (excluding Puerto Rico),"6,455","1,199",767,825,"2,100","1,564","1,723","2,763","1,969","5,621",834
0,Other Foreign Countries,Other Foreign Countries,"28,119","3,796","3,162","3,596","9,297","8,268","8,190","12,942","6,986","25,125","2,993"
Unknown,Unknown,Unknown,106,24,13,16,34,19,46,22,38,92,11
